address,latest_timestamp,latest_share_of_holding,latest_share_of_holding_poh,max_share_of_holding,max_share_of_holding_poh,total_seer_tokens,avg_share_of_holding,avg_share_of_holding_poh,avg_total_holding,avg_indirect_holding,avg_direct_holding
0xefb8e220f012241a00f5dae4a5b2c473a742a63a,2025-07-14T00:01:37.000Z,0,0,0.0004,0,27099.3585,0.0001,0,56.5487,2.949,53.5997
0x5f445055802aa9f720f69a02d946dac5ffa94385,2025-07-14T00:01:37.000Z,0,0,0,0,1533.3951,0,0,2.2707,0,2.2707
0xe18ff9d58b4deb8c17ccba79a87fbed548ab06b3,2025-07-14T00:01:37.000Z,0,0,0.0005,0,62843.1355,0.0001,0,144.2697,0.0736,144.1961
0x56cf0ff00fd6cfb23ce964c6338b228b0fa76640,2025-07-14T00:01:37.000Z,0.4489,0,0.7555,0,240456294.6411,0.4907,0,451283.4729,278750.3919,172533.081
0x9f0b99c0a64688390ae5901fb52f505ffd7bd900,2024-11-08T23:45:28.000Z,0,0,0,0,65.2219,0,0,38.7798,0,38.7798
0xec246ffddebdf77b6faeffa0380db3fa20ee5778,2024-11-08T23:45:28.000Z,0.0003,0,0.0003,0,435.3761,0.0003,0,258.8672,0,258.8672
0x000461a73d3985eef4923655782aa5d0de75c111,2024-11-08T23:45:28.000Z,0.0009,0,0.0009,0,1531.5289,0.0009,0,910.6209,0,910.6209
0x999decb7451e5cf07ce2dd8c65b9be4400399999,2024-11-08T23:45:28.000Z,0.0013,0,0.0013,0,2233.7937,0.0013,0,1328.1755,0,1328.1755
0x000000fee13a103a10d593b9ae06b3e05f2e7e1c,2024-11-08T23:45:28.000Z,0,0,0,0,39.8367,0,0,23.6862,0,23.6862
0xbff956c949c545fa15d9abbe550d2488baa16f8d,2024-11-08T23:45:28.000Z,0.007,0,0.007,0,11650.1308,0.007,0,6926.9682,0,6926.9682
0xa8021aecb8541328fde1544224da0d526f3da58d,2024-11-08T23:45:28.000Z,0.0012,0,0.0012,0,1969.8459,0.0012,0,1171.2366,0,1171.2366
0x77777d91c0b8ec9984a05302e4ef041dccf77fee,2024-11-08T23:45:28.000Z,0,0,0,0,3.3436,0,0,1.988,0,1.988
0x45e28f8538471557f1b976416e60868f1a092e43,2024-11-08T23:45:28.000Z,0.0002,0,0.0002,0,414.6029,0.0002,0,246.5158,0,246.5158
0x9c813e60680423536eb72c2e6ce930701fc8f622,2024-11-08T23:45:28.000Z,0.0043,0,0.0043,0,7241.7162,0.0043,0,4305.8004,0,4305.8004
0xb5087f95643a9a4069471a28d32c569d9bd57fe4,2024-11-08T23:45:28.000Z,0,0,0,0,12.3103,0,0,7.3195,0,7.3195
0x1a6cf270bb607943343190ab7b50b0e8a36d062f,2024-11-08T23:45:28.000Z,0.0012,0,0.0012,0,2061.0513,0.0012,0,1225.4658,0,1225.4658
0xe7f13052fe2ba7d038dac18de5e730542e3979bc,2025-07-14T00:01:37.000Z,0.1034,0.754,0.1526,0.7784,95319740.4795,0.0204,0.1741,19280.1765,1551.5817,17728.5948
0x085ab0280c1dca006aec0dc90ac943e3a04da647,2024-11-08T23:45:28.000Z,0,0,0,0,7.0427,0,0,4.1875,0,4.1875
0x39fb822fd7b1083d19a25dd5664176a1e33f4912,2024-11-08T23:45:28.000Z,0,0,0,0,16.1748,0,0,9.6173,0,9.6173
0xeea6914c9cb62a11710b4266417b7d6ce4434104,2024-11-08T23:45:28.000Z,0.0001,0,0.0001,0,91.1518,0.0001,0,54.1973,0,54.1973
0x2ff064d951996c9fe70d6ba22d8684f37b2e24ec,2025-07-14T00:01:37.000Z,0.0404,0,0.1558,0,11330918.5124,0.0231,0,23514.0576,329.2352,23184.8224
0x334f12afb7d8740868be04719639616533075234,2025-07-14T00:01:37.000Z,0.0551,0,0.3347,0,41050347.8287,0.0838,0,63905.7176,543.9296,63361.788
0x9008d19f58aabd9ed0d60971565aa8510560ab41,2025-07-14T00:01:37.000Z,0,0,0.0001,0,12166.4507,0,0,29.7792,0,29.7792
0x34bd8a7ae5369b71380b88157e01372182a10638,2024-11-08T23:45:28.000Z,0.0002,0,0.0002,0,401.9811,0.0002,0,239.0111,0,239.0111
0xd6a2a456b48836f38ace550c59c421ca24f1681a,2025-07-14T00:01:37.000Z,0.0002,0,0.0003,0,55216.9124,0.0001,0,113.8919,0.058,113.8339
0xeb77a109a1adb1835f6f52a5da8055448e65b1e5,2024-11-08T23:45:28.000Z,0,0,0,0,3.4248,0,0,2.0363,0,2.0363
0x93676bc5dec9a7e0b425bf70196bb82c9916502c,2025-01-03T20:57:18.000Z,0,0,0,0,142.7385,0,0,0.5009,0,0.5009
0xbff4d6ec1bba8faabb1723c32e8757603ec5ea24,2025-01-03T20:57:18.000Z,0,0,0,0,404.2303,0,0,1.4184,0,1.4184
0x06805c26bc4d33e6c5492a3271edf8c8f115e102,2024-11-08T23:45:28.000Z,0,0,0,0,0.0009,0,0,0.0005,0,0.0005
0x187e0966046da5b110fdc986c9b94bd8416837af,2025-07-14T00:01:37.000Z,0,0,0.0001,0,12092.405,0,0,21.088,0,21.088
0x617512fa7d3fd26bda51b9ac8c23b04a48d625f1,2025-01-03T20:57:18.000Z,0,0,0,0,13.1924,0,0,0.0468,0,0.0468
0x892bef8fe252b1678cdb581822727c2d4537826b,2025-01-03T20:57:18.000Z,0,0,0,0,11.8093,0,0,0.0418,0,0.0418
0xcaf9ade1fddf1b31d490a4629ada638d104e9543,2024-11-08T23:45:28.000Z,0,0,0,0,0.0015,0,0,0.0009,0,0.0009
0x9eb6d10f75b364662313ee3099173dc3ac4048c9,2025-07-14T00:01:37.000Z,0.0015,0,0.0275,0,1861576.5462,0.0038,0,2365.3763,666.2689,1699.1074
0x7b2e78d4dfaaba045a167a70da285e30e8fca196,2025-07-14T00:01:37.000Z,0,0,0.152,0,16350980.2014,0.0347,0,39621.3014,136.5583,39484.7431
0xab06ff77044db8a5a48f1b49833d87abfaebad09,2024-11-08T23:45:28.000Z,0,0,0,0,10.1148,0,0,6.0141,0,6.0141
0x1cb3a5bd0ea5af39443a822ed34afc8ccb6a901c,2024-11-08T23:45:28.000Z,0,0,0,0,10.4368,0,0,6.2055,0,6.2055
0x09f0d730696899de00988166aba081bd3aba3e72,2024-11-08T23:45:28.000Z,0.0005,0,0.0005,0,827.2034,0.0005,0,491.841,484.0835,7.7575
0x55122fdca4ba43294677d96c12ce76dabc459a2b,2025-07-14T00:01:37.000Z,0.0005,0,0.0007,0,66497.9969,0.0001,0,128.2967,0.2731,128.0236
0x85c6737ada32ed46066f45d28a612b7647c66410,2025-07-09T00:01:25.000Z,0,0.0012,0.0024,0.1794,19670327.0181,0.0004,0.041,282.5399,0,282.5399
0xef364e390ff3f326e3153d0b9c4b944db42155e5,2025-01-25T11:49:58.000Z,0,0,0.0054,0,186413.5402,0.0015,0,510.2484,0,510.2484
0xda02dfb7fe45a1f8f98f2783c3b837a65d40af01,2024-11-08T23:45:28.000Z,0,0,0,0,0.3659,0,0,0.2175,0,0.2175
0x770569f85346b971114e11e4bb5f7ac776673469,2025-07-09T00:01:25.000Z,0,0.0016,0,0.0105,2158602.8571,0,0.0045,2.0421,0,2.0421
0x04a9edd12ed304efb5e5fe83109a65e8e84799c3,2025-07-14T00:01:37.000Z,0,0,0.0973,0,10967503.0132,0.0224,0,24389.7791,18526.3157,5863.4633
0x33a0b5d7da5314594d2c163d448030b9f1cadcb2,2025-07-14T00:01:37.000Z,0,0,0,0,2948.3756,0,0,11.3722,0.5455,10.8268
0x5c16873795d083fab71d4cbf5b073d22cf38f659,2025-07-09T00:01:25.000Z,0,0.0016,0.0012,0.0844,12521504.0558,0.0001,0.0263,73.797,0,73.797
0x6687c671980e65ebd722b9146fc61e2471558dd6,2025-07-14T00:01:37.000Z,0.0004,0.0469,0.0006,0.1323,28996898.6115,0.0003,0.0589,293.2208,15.3361,277.8846
0xd14eb612c81e87c7861b458914ed78a1dc1ab3cf,2024-11-08T23:45:28.000Z,0,0.0083,0,0.0083,13776.2507,0,0.0083,15.4134,0,15.4134
0xabddc883e535689ba6eb719fabd4efb42bc0b35a,2025-07-14T00:01:37.000Z,0,0,0,0,6.9989,0,0,0.0889,0,0.0889
0x6428178a1324896bd8ea897565d909945da33ee9,2024-11-08T23:45:28.000Z,0,0,0,0,25.3445,0,0,15.0694,0,15.0694
0xd97beffdf558b269257feba5df111ab718b71e24,2025-07-14T00:01:37.000Z,0.0002,0,0.0002,0,20334.7756,0.0001,0,80.9777,0,80.9777
0xbf53ea8b64fe1ae3773b991ac5c865ef7bbb65ea,2024-11-08T23:45:28.000Z,0.0012,0,0.0012,0,2012.3511,0.0012,0,1196.5095,0,1196.5095
0x5dce0b2f2bc6a806ad1ee43bcee0edd86877025c,2024-11-08T23:45:28.000Z,0,0,0,0,5.7098,0,0,3.3949,0,3.3949
0x93117c404dd08720da88ea1b48799f87e8d03190,2024-11-17T20:48:39.000Z,0,0,0,0,132.8621,0,0,2.0691,0,2.0691
0xb772412857f3309f392a3646cec8b3f06cfa7dbd,2024-11-08T23:45:28.000Z,0.0039,0,0.0039,0,6550.6225,0.0039,0,3894.888,0,3894.888
0x7f162a87531a78ce2ca962a5d3dc82d2e0d22f96,2025-01-03T20:57:18.000Z,0,0,0,0,375.7091,0,0,1.3255,0,1.3255
0x989d0901ab8ed1032987a7706b58a881589fccea,2025-07-09T00:01:25.000Z,0,0.0016,0,0.0085,1848855.979,0,0.0039,1.3146,0,1.3146
0x4edca105188a0783ab3a6f09c50567d1e3f8591d,2024-11-08T23:45:28.000Z,0,0,0,0,26.7955,0,0,15.9321,0,15.9321
0x28abd3190674dc57e4d3bebeec22f78d121810d5,2025-07-09T00:01:25.000Z,0,0,0,0,773.3945,0,0,0.8975,0,0.8975
0x1f5fae0615ee87196f229ea19d726d58846bdc0e,2025-07-09T00:01:25.000Z,0,0.0016,0,0.0071,1846678.2384,0,0.0039,1.2948,0,1.2948
0x5987b20bd89a829099a72653fd9c8d72a36775ba,2024-11-08T23:45:28.000Z,0,0,0,0,17.0039,0,0,10.1102,0,10.1102
0xe082bda07536420401187ba7225ff5f56c30998b,2025-07-14T00:01:37.000Z,0.0012,0,0.0036,0,345244.5443,0.0007,0,735.8864,113.0499,622.8365
0x5e7b645d5bf86750cb1913122ba8a8545e2a9fd1,2025-07-14T00:01:37.000Z,0.0007,0,0.0008,0,100335.7521,0.0002,0,211.0071,0,211.0071
0x5d4adb6eca975bab50d2490ccdfe5d9cd1bf4882,2025-01-03T20:57:18.000Z,0,0,0,0,1107.1848,0,0,3.9842,0.0201,3.9641
0x4735cb9fe8e3ee6d5f34f277af0fcb6442aa1894,2025-05-04T12:23:19.000Z,0,0,0.0003,0,13754.5176,0,0,27.1486,0,27.1486
0x0e22e2cf9d80593947a340ca4248c7901c2cb9cb,2025-05-04T12:23:19.000Z,0,0,0.0002,0,13271.4418,0,0,28.4371,0,28.4371
0x4d6caa3e0983fac7b514d60339ebb538c5a85aae,2025-07-09T00:01:25.000Z,0,0.0016,0,0.0069,1839049.7289,0,0.0039,1.2711,0,1.2711
0xffa348ad78619bdfe461bb5d2c4c939197b09921,2025-07-09T00:01:25.000Z,0,0,0,0,1331.8262,0,0,1.268,0,1.268
0x25124024390ac79659ed699b087a3e748686df7b,2025-07-09T00:01:25.000Z,0,0,0,0,1371.7756,0,0,1.2948,0,1.2948
0x7765a81e13822f1bbcfd0aeedd6765f805a084b2,2025-07-09T00:01:25.000Z,0,0.0016,0,0.0071,1845559.7217,0,0.0039,1.2881,0,1.2881
0x70b0e653e50eff0109ba6b3b3d4f15453e49d311,2025-07-09T00:01:25.000Z,0,0,0,0,977.3955,0,0,0.8499,0,0.8499
0xd27cd4e2c3f168dbf9b4cfcd82664480973151e9,2025-07-09T00:01:25.000Z,0,0.0012,0,0.0063,1408805.2268,0,0.003,0.7841,0,0.7841
0xebfd6bc03cfabd6a97c4b0fe5ac3dc0f933e39a2,2025-07-09T00:01:25.000Z,0,0.0012,0,0.0055,1419150.5977,0,0.003,0.7921,0,0.7921
0x6fdb1e4206d119555c3ac61ac20c76eb818fa567,2025-07-09T00:01:25.000Z,0,0.0016,0,0.0068,1829206.9577,0,0.0038,1.2436,0,1.2436
0xd74f45334c0a754e8d834e1990dab588cdb39140,2025-07-09T00:01:25.000Z,0,0.0012,0,0.0055,1419303.2085,0,0.003,0.7928,0,0.7928
0xcba986c46f6908be6ee07bf868bb812978c32e08,2025-07-09T00:01:25.000Z,0,0.0016,0,0.007,1828774.3888,0,0.0038,1.2464,0,1.2464
0x96103652ef1d66d7a8f3b66060d126d82a456f47,2025-07-09T00:01:25.000Z,0,0.0016,0,0.0069,1796407.3603,0,0.0038,1.1755,0,1.1755
0x6b5e43cccab7cb3f45200d2a38c47a269dd011a8,2025-07-09T00:01:25.000Z,0,0.0012,0,0.0058,1446160.1113,0,0.003,0.8459,0,0.8459
0x750a9e546d348e323b8c0f98cf71ea806f37112b,2025-07-09T00:01:25.000Z,0,0,0,0,1364.1501,0,0,1.2841,0,1.2841
0x9e8b306eea4d50090ac0af1eeac79fcd531eb159,2025-07-09T00:01:25.000Z,0,0,0,0,1332.2005,0,0,1.2611,0,1.2611
0x3b33e186573649c9a6c6380f45246c516c150ee1,2025-07-09T00:01:25.000Z,0,0.0012,0,0.0055,1419439.0527,0,0.003,0.7931,0,0.7931
0xb1b5296bcc9f9de90a676d36485cb30ecc46f900,2025-07-09T00:01:25.000Z,0,0.0012,0,0.0055,1419437.8153,0,0.003,0.7931,0,0.7931
0x1a15c730fe686ecf8ba44e3f9b21d5389b55bfbf,2025-07-09T00:01:25.000Z,0,0.0012,0,0.0066,1421633.9536,0,0.003,0.8055,0,0.8055
0xf94bfbd175219331f9ff323ea703ebd2a05fd33a,2025-07-09T00:01:25.000Z,0,0.0016,0,0.0071,1846678.2384,0,0.0039,1.2948,0,1.2948
0x001fe2cdbeeb0743679e958c0861dd8788b28b19,2025-07-09T00:01:25.000Z,0,0,0,0,1371.7756,0,0,1.2948,0,1.2948
0x6280dc842f55ecca9b7a7d490f892bd9adc4ab17,2025-07-09T00:01:25.000Z,0,0.0016,0,0.0084,1908524.1702,0,0.004,1.4521,0,1.4521
0x3cbbdc5e6b615eaf094d41fd0f4422c72bcbe8ff,2025-07-09T00:01:25.000Z,0,0.0016,0,0.0071,1844567.3716,0,0.0039,1.2828,0,1.2828
0xf035561dce033ded865e15e69db06cffc88d9213,2025-07-09T00:01:25.000Z,0,0,0,0,1245.6577,0,0,1.2269,0,1.2269
0xa7cac6d048d42c48470cb93307e6898356a13320,2025-07-09T00:01:25.000Z,0,0.0016,0,0.0066,1817234.6345,0,0.0038,1.2197,0,1.2197
0xda7ff40887846d5f014a076bf68133cd6f0f3379,2025-01-03T20:57:18.000Z,0,0,0,0,170.9142,0,0,0.6354,0,0.6354
0xc9534a59ef121516e5e1aead8d45d151e768e216,2025-07-09T00:01:25.000Z,0,0.0011,0,0.0049,1246351.567,0,0.0026,0.6057,0,0.6057
0x4e100f387afe5451c24cb2e4e50e056be8bd238b,2024-11-19T22:28:14.000Z,0.0003,0.0215,0.0003,0.0215,273066.8416,0.0002,0.0135,39.5096,0,39.5096
0x0ad6b75e864892f661c48f578ad95a21638e13e7,2025-07-09T00:01:25.000Z,0,0.0016,0,0.0074,1860270.0725,0,0.0039,1.3284,0,1.3284
0xa3c0a5e0465e65e56d36d1a7f4684c317d9ce875,2025-07-09T00:01:25.000Z,0,0.0016,0,0.0062,1797575.4659,0,0.0038,1.1611,0,1.1611
0x9d9e26932d012b2ab21b974fe1552f4025b1e1cc,2025-07-09T00:01:25.000Z,0,0.0016,0,0.0071,1846678.2384,0,0.0039,1.2948,0,1.2948
0x4bb51eb3588358ba59e005b4c5474a2cff7355b7,2025-07-09T00:01:25.000Z,0,0.0016,0,0.0057,1756829.4132,0,0.0037,1.0845,0,1.0845
0xce0d183b410a53144ef3fc60931911d5ae9f00e6,2025-07-09T00:01:25.000Z,0,0.0016,0,0.0069,1837419.8382,0,0.0039,1.2626,0,1.2626
0x2e6f35eaa69bd20d694b3c6735956a7a54409b57,2025-07-09T00:01:25.000Z,0,0.0016,0,0.0062,1790938.8895,0,0.0038,1.1456,0,1.1456
0xe5dd78c224f26e306c84a9b1aa2def30bdf15835,2025-07-09T00:01:25.000Z,0,0,0,0,1366.5572,0,0,1.2839,0,1.2839
0x9026a44fb446da394f5810fdb4708a7879cebe34,2025-07-09T00:01:25.000Z,0,0.0016,0,0.006,1734735.7589,0,0.0036,1.0457,0,1.0457
0x9e4439fcf15fae67bd01a590e468912cb70b9c91,2025-07-09T00:01:25.000Z,0,0.0011,0,0.0055,1304428.3568,0,0.0027,0.7119,0,0.7119
0x5114c9e5872ef18e714530da9000c50a4df38629,2025-07-09T00:01:25.000Z,0,0,0.0001,0,3689.9495,0,0,4.5312,0,4.5312
0x6c1d079f0dea5e7db77590e17eb8be48c490d373,2025-07-09T00:01:25.000Z,0,0.0016,0,0.0071,1845559.7217,0,0.0039,1.2881,0,1.2881
0x3b65b655cec1533b677cdf1c493a75d904de0406,2025-07-09T00:01:25.000Z,0,0.0016,0,0.0071,1845559.7217,0,0.0039,1.2881,0,1.2881
0x6fa544cddd47329d3b8cee3c37a759c2f676968c,2025-07-09T00:01:25.000Z,0,0.0012,0,0.0052,1392212.2577,0,0.0029,0.74,0,0.74
0xc8747abc6a88bbd20939d83e36295b4defb3989c,2025-07-09T00:01:25.000Z,0,0.0016,0,0.007,1842579.107,0,0.0039,1.278,0,1.278
0x6841ccc2fa23efe3bbe98492f026756479e4a4ec,2025-07-09T00:01:25.000Z,0,0,0,0,1371.7756,0,0,1.2948,0,1.2948
0x28b7bbf621faf339d884c75b013c56e0731b2ada,2025-07-09T00:01:25.000Z,0,0.0012,0,0.0048,1348944.6716,0,0.0028,0.663,0,0.663
0x911d9369874711363dd5ea1aa7a4d1d089b595a4,2025-07-09T00:01:25.000Z,0,0,0,0,889.8926,0,0,0.9867,0,0.9867
0x57356618fff9f4bf3c87fa55594f61d5b8d37f57,2025-07-09T00:01:25.000Z,0,0.0011,0,0.0056,1310132.8933,0,0.0028,0.7251,0,0.7251
0xdf4beb2691ade973c0ef6a55b3c55f2edb69208d,2025-07-09T00:01:25.000Z,0,0.0011,0,0.0055,1204924.5981,0,0.0025,0.5514,0,0.5514
0xe5c3aabac09838405b82b10b4ddae5a48ae57f9d,2025-07-09T00:01:25.000Z,0,0.0011,0,0.0059,1299199.3471,0,0.0027,0.7082,0,0.7082
0xaf9460c873bb77d9dfe3e83f687c340558b8f8d7,2025-01-03T20:57:18.000Z,0,0.0039,0,0.005,410372.4991,0,0.0043,1.7612,0,1.7612
0x40ef22af7c049cafae144f341f8d44a46ade66b1,2025-07-09T00:01:25.000Z,0,0,0,0,1371.8445,0,0,1.295,0,1.295
0x245bd6b5d8f494df8256ae44737a1e5d59769ab4,2025-07-09T00:01:25.000Z,0,0.0016,0,0.0103,2584056.3313,0,0.0054,1.966,0,1.966
0x1afbcd54aff10fdf0c2e7de4cde86b3e75a3e4e7,2025-07-09T00:01:25.000Z,0,0.0016,0,0.0066,1816616.1742,0,0.0038,1.2164,0,1.2164
0x10c895bf7d9f895cd648448d35f89b23b15dd1a5,2025-07-09T00:01:25.000Z,0,0.0016,0,0.0064,1788744.4763,0,0.0038,1.1546,0,1.1546
0xd2c04f656448e78b178d6cc3b2ccf91de6ae7f39,2025-07-09T00:01:25.000Z,0,0,0,0,1325.406,0,0,1.2598,0,1.2598
0x95ec1c92ca79b3e0fc7599f4d02f60c68fc81b0b,2025-07-09T00:01:25.000Z,0,0.0016,0,0.0069,1837419.8382,0,0.0039,1.2626,0,1.2626
0x761f24ca62486b98f259837542964aa18c176358,2025-07-09T00:01:25.000Z,0,0.0016,0,0.0071,1845559.7217,0,0.0039,1.2881,0,1.2881
0x6a6032ca59500cb2ecea4997d65521afbc3cf120,2025-07-09T00:01:25.000Z,0,0.0011,0,0.0054,1280696.7792,0,0.0027,0.6686,0,0.6686
0xe5d50c7af6c9c0c36e270f6ce8467bef7e27a443,2025-07-09T00:01:25.000Z,0,0.0011,0,0.0055,1301879.9961,0,0.0027,0.7053,0,0.7053
0x97188c8755443868f150ca2ed307671e7d686744,2025-07-09T00:01:25.000Z,0,0,0,0,638.2397,0,0,0.6388,0,0.6388
0x4518cd6f9cd1085d0cc1eed7c8b3bcd98afafcd9,2025-07-09T00:01:25.000Z,0,0.0011,0,0.0052,1248429.2101,0,0.0026,0.6104,0,0.6104
0x298c506e1a3bd03064f49188948768cb11b26435,2025-07-09T00:01:25.000Z,0,0,0,0,1368.5637,0,0,1.2881,0,1.2881
0x9fbcbfdc3c66562113daba8b501d0d7d55e84688,2025-07-09T00:01:25.000Z,0,0.0016,0,0.0071,1846678.2384,0,0.0039,1.2948,0,1.2948
0x62872c62d5087294e4dd4d47012e51e71ceb1745,2025-07-09T00:01:25.000Z,0,0.0016,0,0.0071,1846700.9906,0,0.0039,1.295,0,1.295
0x1ca0a84230d73a986681b22391c198ad5887903c,2025-07-09T00:01:25.000Z,0,0.0016,0,0.0071,1846700.9728,0,0.0039,1.295,0,1.295
0x62efbbc99349456ae6cb45feaec6ee5b9f15883c,2025-07-09T00:01:25.000Z,0,0.0016,0,0.0071,1846700.9605,0,0.0039,1.295,0,1.295
0x128b83d86d41f2c0a2a549d70a8f5e255d2f9896,2025-07-09T00:01:25.000Z,0,0.0016,0,0.0071,1846700.95,0,0.0039,1.295,0,1.295
0x74422aea0886e590ca53537de3ef78f47be368a8,2025-07-09T00:01:25.000Z,0,0.0016,0,0.0071,1845559.7217,0,0.0039,1.2881,0,1.2881
0x9c64c4b1a9d2eb9fae60cd9fecf86557f584117b,2025-07-09T00:01:25.000Z,0,0.0016,0,0.0071,1846700.9395,0,0.0039,1.295,0,1.295
0x6555032a163641b5f7c9ba32f9543acef7a1559c,2025-07-09T00:01:25.000Z,0,0.0016,0,0.007,1823567.9085,0,0.0038,1.2419,0,1.2419
0xfc651a9e723a4da0e7eb264f6f73a680d9721f69,2025-07-09T00:01:25.000Z,0,0.0016,0,0.0071,1846700.9152,0,0.0039,1.295,0,1.295
0xf8d97b0de945bb3ec6d634e0fdc48b6a3b9fcb1f,2025-07-09T00:01:25.000Z,0,0.0016,0,0.0071,1846678.2384,0,0.0039,1.2948,0,1.2948
0x6e590863f9b04189e0d5143eb41367b96dc151ca,2025-07-09T00:01:25.000Z,0,0,0,0,876.7192,0,0,0.8059,0,0.8059
0xb235c33eaedbd96271f03154baa0fa4809f023ca,2025-07-09T00:01:25.000Z,0,0,0,0,811.103,0,0,0.7595,0,0.7595
0xd4f0e5a2d37e0159789470711c3c6e6d9dae12d7,2025-07-09T00:01:25.000Z,0,0,0,0,806.5774,0,0,0.7575,0,0.7575
0x026c8ae096ebd22f2f6ce84de9ebf96e5a7887db,2025-07-09T00:01:25.000Z,0,0.0011,0,0.0055,1282441.3538,0,0.0027,0.675,0,0.675
0x0a2ff9935e17df1c664201557f1e5e7f3473a68f,2025-07-09T00:01:25.000Z,0,0.0011,0,0.0052,1277111.8999,0,0.0027,0.6623,0,0.6623
0x71b40c1c502e4bea83a90dddb94f82f16582b044,2025-07-09T00:01:25.000Z,0,0.0011,0,0.0056,1282330.2164,0,0.0027,0.6754,0,0.6754
0x761e1ea4b9bfde475b0196a595d2e20845e50c8d,2025-07-09T00:01:25.000Z,0,0.0011,0,0.0057,1283800.9222,0,0.0027,0.6794,0,0.6794
0xb9e61ea87e165f038ee73a1492564fe6c81ed776,2025-07-09T00:01:25.000Z,0,0.0011,0,0.0054,1215313.7442,0,0.0026,0.5664,0,0.5664
0xc30b175dfd20cf4a34c661e3b145b3ac7938230a,2025-07-09T00:01:25.000Z,0,0.0011,0,0.0052,1213941.2193,0,0.0026,0.562,0,0.562
0x8196888886836cb8a6ba4248fe195e31479503d8,2025-07-09T00:01:25.000Z,0,0.0012,0,0.0055,1395928.6378,0,0.0029,0.7518,0,0.7518
0xa187408c461f382314c873a2725819ad0ff19d63,2025-07-09T00:01:25.000Z,0,0.0011,0,0.0052,1213000.1507,0,0.0026,0.5603,0,0.5603
0x5b328c5a0b9f2b02c6787de34dd854ab2d6ea3e5,2025-07-09T00:01:25.000Z,0,0.0012,0,0.0052,1328536.5746,0,0.0028,0.6387,0,0.6387
0xa63cb29de16607dd5ac18b6cb65bead58d04ac25,2025-07-09T00:01:25.000Z,0,0,0,0,1371.7756,0,0,1.2948,0,1.2948
0x8f8be6f1eac8432e3f0e460402fcb358311a86d4,2025-07-09T00:01:25.000Z,0,0.0016,0,0.0071,1846678.2384,0,0.0039,1.2948,0,1.2948
0x68c0dd2b5a5df00bca4f7df8ca9b1425fe817728,2025-07-09T00:01:25.000Z,0,0.0016,0,0.0071,1846678.2384,0,0.0039,1.2948,0,1.2948
0x23d2874d56bba76af9866604c76fc5347058aad7,2025-07-09T00:01:25.000Z,0,0.0016,0,0.0071,1846678.2384,0,0.0039,1.2948,0,1.2948
0x8560b084cbb92df9f8961a5e11a0fe28eca37216,2025-07-09T00:01:25.000Z,0,0.0012,0,0.0052,1328596.2266,0,0.0028,0.639,0,0.639
0x29397b5b81579504c446e8e86c88196491be5ec5,2025-07-09T00:01:25.000Z,0,0.0016,0,0.0071,1846678.2384,0,0.0039,1.2948,0,1.2948
0xd05eb495d3839397ca087221e3667a0fa2a6c9bc,2025-07-09T00:01:25.000Z,0,0,0,0,854.6326,0,0,0.7964,0,0.7964
0x12a491e92dd8d6de3aadef21c4dda3a1d6a3a1cb,2025-07-09T00:01:25.000Z,0,0.0012,0,0.0052,1293210.6409,0,0.0027,0.587,0,0.587
0x98531797ec179244c8dc97c4b27351d2df787127,2025-07-09T00:01:25.000Z,0,0.0016,0,0.0069,1827025.3617,0,0.0038,1.2302,0,1.2302
0x8d4d39d2e3104876a0c5fa11efe02597613d2a79,2025-07-09T00:01:25.000Z,0,0.0016,0,0.0067,1823502.0345,0,0.0038,1.2302,0,1.2302
0x4b29ce2f88adde97c71207768c580a29cfc9be08,2025-07-09T00:01:25.000Z,0,0.0016,0,0.007,1811075.7884,0,0.0038,1.2114,0,1.2114
0xe24f35fcc986f94d4cd7c93920a62bafae497db1,2024-11-08T23:45:28.000Z,0,0,0,0,31.0823,0,0,18.481,0,18.481
0xaaad392d9c7b9489c480f57c809d3209cf26c930,2025-07-09T00:01:25.000Z,0,0.0016,0,0.007,1831024.248,0,0.0039,1.2594,0,1.2594
0xca5c758a8b9892a3e1b745f2039efa9491c18f7a,2025-07-09T00:01:25.000Z,0,0.0016,0,0.0071,1846343.0194,0,0.0039,1.2927,0,1.2927
0xaead6593710bf28bf4848b24f4ed1f130773d7e6,2025-07-09T00:01:25.000Z,0,0,0,0,1442.0827,0,0,1.3358,0,1.3358
0xe3ac17a0284ce1a551debafb0e57301c7226dbe9,2025-07-09T00:01:25.000Z,0,0.0016,0,0.0071,1846917.3371,0,0.0039,1.2963,0,1.2963
0x0eb682c54bb74e0fb37894e4f0b02127e5fb865f,2025-07-09T00:01:25.000Z,0,0.0016,0,0.0071,1846678.2384,0,0.0039,1.2948,0,1.2948
0x9ac5f8c48ade024a006206ca5ebd06f275f243ec,2025-07-09T00:01:25.000Z,0,0.0016,0,0.0071,1846678.2384,0,0.0039,1.2948,0,1.2948
0x4ca2a670bd5505b870b21331a53d9bb4ae6e2084,2025-07-09T00:01:25.000Z,0,0.0016,0,0.0071,1846678.2384,0,0.0039,1.2948,0,1.2948
0x1520ab7dd2ca282fca2810cb7df071c9de3e2f5c,2025-07-09T00:01:25.000Z,0,0.0016,0,0.0071,1846678.2384,0,0.0039,1.2948,0,1.2948
0x31287a933b2e153654105013d595dcbd6664fcf9,2025-07-09T00:01:25.000Z,0,0.0016,0,0.0071,1846678.2384,0,0.0039,1.2948,0,1.2948
0x7cd192ff8e2e3e5bf8b5e85f858c0f83e22f771d,2025-07-09T00:01:25.000Z,0,0.0016,0,0.0071,1846678.2384,0,0.0039,1.2948,0,1.2948
0xd2946cb43fd692f8776be5c91dc523aa3fe69f1d,2025-07-09T00:01:25.000Z,0,0.0016,0,0.0071,1846678.2384,0,0.0039,1.2948,0,1.2948
0x56f446074d3dc521786ea456e725775819e260cb,2025-07-09T00:01:25.000Z,0,0.0016,0,0.0071,1846678.2384,0,0.0039,1.2948,0,1.2948
0xe6a46ea30a1ef48e8ab2179a203c137702147073,2025-07-09T00:01:25.000Z,0,0.0016,0,0.0071,1846678.2384,0,0.0039,1.2948,0,1.2948
0x84d766fb6c86dd8983e5cab3d17e6630c278277e,2025-07-09T00:01:25.000Z,0,0.0016,0,0.0071,1846678.2384,0,0.0039,1.2948,0,1.2948
0xe69d81fad86ac5295a1261930c19e7ad009aa52e,2025-07-09T00:01:25.000Z,0,0.0016,0,0.0071,1846678.2384,0,0.0039,1.2948,0,1.2948
0xc7b6717c5c30a5645ba308afd2b0df42b850d8e3,2025-07-09T00:01:25.000Z,0,0.0016,0,0.0071,1846678.2384,0,0.0039,1.2948,0,1.2948
0xc7baf12d871f26b09dfa61a6e9e3b2eaef7a159a,2025-07-09T00:01:25.000Z,0,0.0016,0,0.0071,1846678.2384,0,0.0039,1.2948,0,1.2948
0xe3cd70be09c3a45b73ff5d7cfe37f8b5309ebbdc,2025-07-09T00:01:25.000Z,0,0.0016,0,0.0071,1846678.2384,0,0.0039,1.2948,0,1.2948
0x09a2aa22db9f97aabd3da897b156d944c8c50e0f,2025-07-09T00:01:25.000Z,0,0.0016,0,0.0071,1846678.2384,0,0.0039,1.2948,0,1.2948
0x75f04fbf12ed979873db692eab1a904abe1e2f32,2025-07-09T00:01:25.000Z,0,0.0016,0,0.0071,1846678.2384,0,0.0039,1.2948,0,1.2948
0x409ad638c059375de57d455b78520470ed13f282,2025-07-09T00:01:25.000Z,0,0.0016,0,0.0071,1846678.2384,0,0.0039,1.2948,0,1.2948
0x8c0733ba6295af19ae294c19b34e7d163acc7197,2025-07-09T00:01:25.000Z,0,0.0016,0,0.0071,1846678.2384,0,0.0039,1.2948,0,1.2948
0x75202586d58c8d2ed726b4abdcda3ecdd91c1e34,2025-07-09T00:01:25.000Z,0,0.0016,0,0.0071,1846678.2384,0,0.0039,1.2948,0,1.2948
0x91dc3d24895bb29033cbbf48ed6b5f7b0510d83c,2025-07-09T00:01:25.000Z,0,0.0016,0,0.0071,1846678.2384,0,0.0039,1.2948,0,1.2948
0x1d6b8e5fa836c7d5846fb76f188b008c10b67ba5,2025-07-09T00:01:25.000Z,0,0.0016,0,0.0071,1846678.2384,0,0.0039,1.2948,0,1.2948
0x5bf79c7bf66a6aa75f4fef4004bc7d527fdf8250,2025-07-09T00:01:25.000Z,0,0.0016,0,0.0071,1846678.2384,0,0.0039,1.2948,0,1.2948
0x74aadf1281a7f5546e13f17de5101a310a33bf3f,2025-07-09T00:01:25.000Z,0,0.0016,0,0.0071,1846678.2384,0,0.0039,1.2948,0,1.2948
0x683132fe975fac296f21919d625a94a4a86f6fa6,2025-01-03T20:57:18.000Z,0,0.0037,0,0.0061,425320.4413,0,0.0045,1.9865,0,1.9865
0xb7806b30034cc8d13390aa0b713dc0c326cd4358,2025-07-09T00:01:25.000Z,0,0.0016,0,0.0071,1846678.2384,0,0.0039,1.2948,0,1.2948
0x31a026bbd8ddc0f95ad827c17c37c0d8fc25d3ff,2025-07-09T00:01:25.000Z,0,0.0016,0,0.0071,1846678.2384,0,0.0039,1.2948,0,1.2948
0x4ddcdfbef53747089cab9d775aa461e7a088ff3c,2025-07-09T00:01:25.000Z,0,0.0016,0,0.0071,1846678.2384,0,0.0039,1.2948,0,1.2948
0xd50ea36556e1c9abece88a1d9ad5b38261ab515b,2025-07-09T00:01:25.000Z,0,0.0016,0,0.0071,1846678.2384,0,0.0039,1.2948,0,1.2948
0x79cda2b2fa8b3c080da06ddce3416b8e4b7c1b14,2025-07-09T00:01:25.000Z,0,0.0016,0,0.0071,1846678.2384,0,0.0039,1.2948,0,1.2948
0xa2a97e9333982471665aecfa4893695cec74a9ef,2025-07-09T00:01:25.000Z,0,0.0016,0,0.0071,1846678.2384,0,0.0039,1.2948,0,1.2948
0x0182518980f999ad0c9527d864c15492ab3beeae,2025-07-09T00:01:25.000Z,0,0.0016,0,0.0071,1846678.2384,0,0.0039,1.2948,0,1.2948
0x9ac0605353f447a49845365ded45fc57e609a319,2025-07-09T00:01:25.000Z,0,0.0016,0,0.0071,1846678.2384,0,0.0039,1.2948,0,1.2948
0xd51aea4a4ba241ded4112c017d73c976a967139f,2025-07-09T00:01:25.000Z,0,0.0016,0,0.0071,1846678.2384,0,0.0039,1.2948,0,1.2948
0x3975f79ce2cae19b8d4d5e1f4b134e241bf6f10a,2025-07-09T00:01:25.000Z,0,0.0016,0,0.0071,1846678.2384,0,0.0039,1.2948,0,1.2948
0xe5d067d8634e109c077192c34c972a10ee6fc731,2025-07-09T00:01:25.000Z,0,0,0,0,1190.2289,0,0,1.1915,0,1.1915
0x591f5162547dff90c185271726a5eb540d1395de,2025-07-09T00:01:25.000Z,0,0.0016,0,0.0057,1754280.6033,0,0.0037,1.0766,0,1.0766
0x0d3662a58010592abc77dedbf06101c4f0dbb357,2025-07-09T00:01:25.000Z,0,0.0016,0.0005,0.0738,2875545.6317,0,0.006,7.5067,0,7.5067
0x12c8585b54220fb7b59599b51f76cac4e12f55fe,2025-07-14T00:01:37.000Z,0.0001,0.0167,0.0001,0.0425,5421309.1508,0,0.011,24.493,0,24.493
0x5bd07249115373c2f069da83592706fac4e70c66,2025-03-08T21:45:40.000Z,0,0,0,0,335.5637,0,0,1.7845,0,1.7845
0x3dcde3990c781cec4921af8a0bae1820f649e2c0,2024-11-12T09:36:54.000Z,0,0,0,0,68.8003,0,0,4.4509,0,4.4509
0x461cbd5765360733a02d4571591d54c8b8a517ea,2024-11-08T23:45:28.000Z,0,0,0,0,12.6045,0,0,7.4944,0,7.4944
0x470ba0f3bc80d88d3cd9cfd28dd125da0e545993,2024-11-08T23:45:28.000Z,0,0,0,0,13.135,0,0,7.8098,0,7.8098
0x9e979ffff022bbbe891fb64c1cfc61e4447d049a,2025-07-09T00:01:25.000Z,0,0.0012,0,0.0049,1359788.2704,0,0.0029,0.6811,0,0.6811
0xf28a1ff4cd9b579b55195cb9528ef8f7a8b10a33,2024-11-08T23:45:28.000Z,0,0,0,0,13.2674,0,0,7.8885,0,7.8885
0x327c7b1e4bcaa69afa029f042dda3722e3ed74c1,2025-07-09T00:01:25.000Z,0,0.0016,0,0.0071,1846678.2384,0,0.0039,1.2948,0,1.2948
0x15923b51ecc5de696d67a85d2a493908c750b237,2025-07-09T00:01:25.000Z,0,0.0016,0,0.0071,1846678.2384,0,0.0039,1.2948,0,1.2948
0xaeeb3b86314009f5ee315c49414646a1f5709d1c,2025-07-09T00:01:25.000Z,0,0.0016,0,0.0071,1846678.2384,0,0.0039,1.2948,0,1.2948
0x5700f03f87db485fdb90e18b3100f00b235886f1,2025-03-14T22:23:51.000Z,0,0.0032,0,0.0186,2285692.7838,0,0.0108,7.8343,0,7.8343
0x441e1e47a6fa2dbfd3cd9b54291e9ab3a58d7975,2025-07-09T00:01:25.000Z,0,0.0016,0,0.0071,1846678.2384,0,0.0039,1.2948,0,1.2948
0x0c4f8ccbb4cf9c2ee568e33f21c807b1931726e4,2024-11-12T09:36:54.000Z,0,0,0,0,47.7992,0,0,3.872,0,3.872
0x38ef098f74393d219d92c5112055e618c6bde2d7,2024-11-08T23:45:28.000Z,0,0,0,0,6.6349,0,0,3.945,0,3.945
0xb75c411d656524523de854f70fbdae4b7740a22e,2025-01-03T20:57:18.000Z,0,0.0115,0.0001,0.0132,595477.4948,0,0.0062,13.711,0,13.711
0x89c4acb8b5b5b8e5b2121934b9e143569a914c80,2025-07-14T00:01:37.000Z,0.0007,0.0623,0.0027,0.2247,20949182.2649,0.0006,0.0422,562.9585,0,562.9585
0xf739646dadc1e75bd4090ab98ae895c5327300dc,2024-11-12T09:36:54.000Z,0,0,0,0,123.8176,0,0,8.0101,0,8.0101
0x91fd26ec02642bed576d4f7efac19592568e12da,2024-11-08T23:45:28.000Z,0,0,0,0,15.8646,0,0,9.4328,0,9.4328
0xfd1af514b8b2bf00d1999497668bff26ccdf4c8a,2025-07-14T00:01:37.000Z,0.0002,0.0314,0.0002,0.0314,1609531.386,0,0.0034,2.0762,0,2.0762
0xece039bd21e3910187af408909b6529c629ec8e5,2025-06-17T00:00:42.000Z,0,0,0,0,2833.6506,0,0,9.6284,0,9.6284
0xdfc2ad6492faa517b5572f9fa61716d4f9d121ed,2025-01-03T20:57:18.000Z,0,0,0,0,591.3074,0,0,1.6338,0,1.6338
0x6bb0bed604c3c43bb53b9fda53e431c982fc01be,2024-11-08T23:45:28.000Z,0,0,0,0,3.9805,0,0,2.3667,0,2.3667
0x7bc86a45410bd01a9c2c11c2b23b2afb2617f3ff,2025-01-03T20:57:18.000Z,0,0,0.0001,0,2677.9892,0,0,9.3941,0,9.3941
0xcf3c78a77ff01b451a21301a522c48b92a029e70,2025-06-21T00:00:21.000Z,0.0002,0.03,0.0003,0.0877,6270240.9622,0.0001,0.0166,77.0049,0,77.0049
0xdbd5e2bf0e87a6361bd0b587cc4c0b3fcf5dc259,2024-11-08T23:45:28.000Z,0,0,0,0,11.9423,0,0,7.1007,0,7.1007
0x04c1d8ca275434bdc1697eda44d1cade92459b34,2024-11-12T09:36:54.000Z,0,0,0,0,18.2127,0,0,1.5526,0,1.5526
0x7ba8868efcc2f04bf9d1a9445d7843d7ae5dd1b4,2024-12-02T03:45:38.000Z,0,0,0,0,206.3746,0,0,1.2881,0,1.2881
0x90dafb210c44f4b72e591e7e2f583154290e5d83,2024-11-12T09:36:54.000Z,0,0,0,0,64.2139,0,0,4.9379,0,4.9379
0xce9164fcbae8e469a0dba805b5310eb1c531690b,2024-11-08T23:45:28.000Z,0,0,0,0,11.0086,0,0,6.5456,0,6.5456
0x224623eeb6fadb6ff76f5be4b570ee06ee282868,2025-07-09T00:01:25.000Z,0,0.0016,0,0.0076,1912976.3201,0,0.004,1.4596,0,1.4596
0x61520cc833313c4d4d4ed61e0dfca3b4923318c5,2024-11-12T09:36:54.000Z,0,0,0,0,136.7097,0,0,8.8441,0,8.8441
0x978a89b0178ea8054a99f5bddb0081ea6a3c27c3,2025-07-09T00:01:25.000Z,0,0,0,0,1295.0503,0,0,1.2417,0,1.2417
0x82b1c5ffa4fe976869b4156c90073a8b719d671a,2025-07-09T00:01:25.000Z,0,0.0016,0,0.0071,1846678.2384,0,0.0039,1.2948,0,1.2948
0xb9385eb2b944370adcdc22af45ace6140bda6225,2025-07-09T00:01:25.000Z,0,0.0016,0,0.0172,3163528.8587,0,0.0067,3.8925,0,3.8925
0x380e7360085407892f33da521dfb01da82b5f2be,2025-07-09T00:01:25.000Z,0,0.0016,0,0.0071,1846678.2384,0,0.0039,1.2948,0,1.2948
0x1ce34e220bd710d1a84a135f345b650cc7770e9f,2025-07-09T00:01:25.000Z,0,0.0016,0,0.0159,3013893.9715,0,0.0063,3.4473,0,3.4473
0xeaf1eb60c3359b12d501d23a372256846ddbff8d,2025-07-09T00:01:25.000Z,0,0.0016,0,0.0159,3011223.2237,0,0.0063,3.4397,0,3.4397
0x68bf9733a1b5688feb430b1d200b2299c74885b1,2025-07-09T00:01:25.000Z,0,0.0016,0,0.0071,1846678.2384,0,0.0039,1.2948,0,1.2948
0x9c1a52b599cf652701b41bf137ae022a894b5ea3,2025-07-09T00:01:25.000Z,0,0.0016,0,0.0071,1846678.2384,0,0.0039,1.2948,0,1.2948
0xc0dd5675528d8d9f05afe601df6ebda59e2a6733,2025-07-09T00:01:25.000Z,0,0.0016,0,0.0071,1846678.2384,0,0.0039,1.2948,0,1.2948
0x41aeb883a0073527e5f5653423cbd59339154a72,2025-07-09T00:01:25.000Z,0,0.0016,0,0.0159,3008571.0653,0,0.0063,3.4322,0,3.4322
0x7d35849b2e48539661e705ee5899385944d82ab1,2024-11-08T23:45:28.000Z,0,0,0,0,16.2727,0,0,9.6755,0,9.6755
0xb4b88049a0ac431023e00a7e31cec9d30616505e,2025-07-09T00:01:25.000Z,0,0.0016,0,0.007,1842579.107,0,0.0039,1.278,0,1.278
0x23069f1978fe4d6ec88bf0b84bca2b39d3b285e1,2025-07-09T00:01:25.000Z,0,0,0,0,944.0731,0,0,0.7876,0,0.7876
0x717f0a9ee93fde2ae196b61b51fda5b892c02b3d,2025-07-09T00:01:25.000Z,0,0.0016,0,0.0071,1846678.2384,0,0.0039,1.2948,0,1.2948
0x71044ae277bac65c4dfcd598d07a60fc6810fb8e,2025-07-09T00:01:25.000Z,0,0,0,0,1371.592,0,0,1.2944,0,1.2944
0x41cd6228341ea33e8d9659f09bf0e5aadc54c5e7,2025-07-12T00:01:06.000Z,0,0.0155,0.0001,0.0492,7394167.6099,0,0.0153,23.3765,0,23.3765
0x431f2b6e43bed4d845ac5d9b5d030dfc8987691d,2025-07-09T00:01:25.000Z,0,0.0012,0,0.0069,1505901.265,0,0.0032,0.9904,0,0.9904
0x6bc8679c27b49cc4be2c8faf9906bc0465727cf3,2025-07-09T00:01:25.000Z,0,0.0016,0,0.0071,1846678.2384,0,0.0039,1.2948,0,1.2948
0x5ac691d7b535cbb755de910123c656ac407f6f29,2025-07-09T00:01:25.000Z,0,0.0016,0,0.0071,1846678.2384,0,0.0039,1.2948,0,1.2948
0xf7d7d7dacb1215fba1f6cdd1361092796680cf4f,2025-07-09T00:01:25.000Z,0,0.0016,0,0.0071,1846678.2384,0,0.0039,1.2948,0,1.2948
0xeb2aec308e7b3340dea2e89d40187d2637c6c649,2025-07-14T00:01:37.000Z,0.0001,0,0.0009,0,66247.2356,0.0001,0,101.3741,39.9801,61.394
0x2fa0686be3b64f0e99a671cf4732bfcf72cd8bad,2025-07-14T00:01:37.000Z,0,0,0,0,3722.7415,0,0,5.8081,0,5.8081
0xea08fea6702fc34625bdb968689c497d33047ae5,2025-07-14T00:01:37.000Z,0,0,0.0003,0,20251.3324,0,0,30.9014,0,30.9014
0x9f882451cf39314079a7773aa78feb9b6cfbf3ba,2025-07-14T00:01:37.000Z,0,0,0,0,7.8841,0,0,0.0116,0,0.0116
0xd16f39990092033ee2fab400bf3364379c616c4e,2024-11-25T20:29:15.000Z,0,0,0,0,341.5612,0,0,3.6659,0,3.6659
0x88e02fff8c858603aa1cb44800b18660a3ba3a64,2025-01-13T23:17:12.000Z,0,0,0,0,1099.2934,0,0,5.0286,0,5.0286
0x67ab5b66debc3217105ab356a219137a0bc07d3a,2025-07-14T00:01:37.000Z,0.001,0.0745,0.0016,0.213,50005767.6487,0.0009,0.1119,950.8151,0,950.8151
0x6224dd3b4757446de11fca940400c162eb313757,2025-07-14T00:01:37.000Z,0,0,0,0,35.7695,0,0,0.0612,0,0.0612
0xf2a38230ea2e92db69aa520182f368ceec2ed4cd,2025-07-14T00:01:37.000Z,0,0,0,0,35.1173,0,0,0.0604,0,0.0604
0xc3792470cee7e0d42c2be8e9552bd651766c5178,2025-07-14T00:01:37.000Z,0,0,0,0,412.5234,0,0,0.6769,0,0.6769
0x460a2319bf0adb90676b6bb5dd5ec8ef34df93cd,2025-07-14T00:01:37.000Z,0,0,0,0,52.7778,0,0,0.0924,0,0.0924
0xa85f10fde0d65ed8d477fa59036b6eb254e36665,2025-07-14T00:01:37.000Z,0,0,0,0,54.323,0,0,0.0958,0,0.0958
0xd3778cade4ecbc115a8e26c211789c3a6d5ed48c,2025-01-03T20:57:18.000Z,0,0,0,0,0.7624,0,0,0.0043,0,0.0043
0x377446b39e71da77f7eb952d0ae92871c2299f0d,2024-11-23T19:50:54.000Z,0.3104,0,0.3104,0,1034711.1943,0.3104,0,97509.4045,0,97509.4045
0xa932e162a0aaf2c03353d93ae7d4fad29eab37fc,2025-01-21T03:56:46.000Z,0.0006,0,0.194,0,8153280.6551,0.0889,0,53872.4234,0,53872.4234
0xde1f8a73aac5a18a04395b40fc6eee093964faf4,2025-01-25T11:49:58.000Z,0,0,0.0831,0,3505780.2966,0.0357,0,21598.1498,0,21598.1498
0x95cde8b6ebddf03f5bd4ecc82a74664cd72cd87c,2025-07-14T00:01:37.000Z,0.0005,0,0.0019,0,387638.3581,0.0008,0,838.598,67.8517,770.7463
0x20b69fda9379c8ae82cb78ea71d4d9e740e88196,2025-05-04T12:23:19.000Z,0.0002,0,0.0889,0,761285.8619,0.0029,0,1827.6879,0,1827.6879
0xbc9e9f2a49ea0f0619f79c0a0d8b4a19ba79cba7,2025-05-21T19:02:52.000Z,0,0,0.0137,0,179170.8404,0.0006,0,419.0668,0,419.0668
0xd08c3627600c05e979ae936686736e602c8e6bb2,2025-07-14T00:01:37.000Z,0.0001,0,0.0014,0,146767.1722,0.0003,0,261.053,0,261.053
0x874e2b0af4570baf5d116f95744e2d1e5fb7dbb3,2025-07-14T00:01:37.000Z,0.0007,0,0.1753,0,25743328.4796,0.0568,0,52986.4889,0,52986.4889
0x56e665674d26a3ec69ea0e27f001d42481f7ff53,2025-05-04T12:23:19.000Z,0,0,0.096,0,799307.2364,0.0031,0,2226.384,0,2226.384
0x3a42263bd22fa189072d06169a47ecfce955715f,2025-07-14T00:01:37.000Z,0,0,0,0,37.296,0,0,0.0777,0,0.0777
0x9ac7e42e9a3a8d0dc0b77b9485b7272d2eb9bc35,2024-12-11T03:45:30.000Z,0.0004,0,0.0004,0,4380.9945,0.0004,0,243.2646,0,243.2646
0x2be5fde9961615e99fa640b532df948aad0fdb91,2024-12-11T03:45:30.000Z,0.001,0,0.001,0,10559.2488,0.0009,0,576.5333,0,576.5333
0x33d10de1e65e6193044e277a77c3fd02d59b1c3f,2025-07-14T00:01:37.000Z,0,0,0.0002,0,27846.0483,0.0001,0,71.7831,0,71.7831
0xaa36deb402ccf0fee2aa09974552154a9564ae20,2025-07-14T00:01:37.000Z,0.0087,0,0.021,0,5128704.2514,0.0115,0,11662.6257,10242.6994,1419.9264
0x5be1265db58326a5f5706302e63cf1d90aa4cda3,2024-12-11T03:45:30.000Z,0.0001,0,0.0001,0,996.2835,0.0001,0,74.4544,0,74.4544
0x015806a55d5be54e74fbf8ee8154372f1e9b3de2,2024-12-15T11:08:38.000Z,0,0,0,0,502.2103,0,0,20.2129,0,20.2129
0xe94d542dfa1784b5ff6493c869d31083782cc621,2024-12-15T11:08:38.000Z,0.0001,0,0.0001,0,1194.0544,0.0001,0,48.0272,0,48.0272
0xb972788fd94972d673eb3af068df1dfe11a2ec37,2025-07-14T00:01:37.000Z,0,0,0,0,242.6781,0,0,0.5145,0,0.5145
0x249ae3af19aaca46283dd57fc1adbff16463f811,2024-12-15T11:08:38.000Z,0.0003,0,0.0003,0,3786.0192,0.0003,0,152.1367,0,152.1367
0x2a2c5bad5a1d64a79d9d966811de37b70d9a00c8,2024-12-15T11:08:38.000Z,0.0001,0,0.0001,0,1332.7667,0.0001,0,53.5522,0,53.5522
0xfc601d7070ca088aea0fe6efd3f214b88fcd4df2,2024-12-15T11:08:38.000Z,0.0002,0,0.0002,0,2733.6231,0.0002,0,110.238,0,110.238
0x8fbc12a1aefb058ea05cc17135b1d6e821e0d7d4,2024-12-15T11:08:38.000Z,0.0004,0,0.0004,0,5829.858,0.0004,0,231.5012,0,231.5012
0x478189dc3905a08e456c348905c1e5b03de8023d,2025-07-09T00:01:25.000Z,0,0,0,0,69.6673,0,0,0.16,0,0.16
0xcf976705a5326bb97fb26539ca9bb1fa0ba62178,2025-07-09T00:01:25.000Z,0,0,0,0,21.5316,0,0,0.047,0,0.047
0x31517b5b26dddcf2fad386d21e94a552ed5cebef,2025-07-09T00:01:25.000Z,0,0,0,0,22.1957,0,0,0.0485,0,0.0485
0x3879e62972ec43713d296cfd5a9751b351269cf1,2025-05-21T19:02:52.000Z,0,0,0,0,13.6776,0,0,0.0494,0,0.0494
0x409caec195e72ede0b27e4deb55524424c5d54a9,2025-05-21T19:02:52.000Z,0,0,0,0,15.3213,0,0,0.0475,0,0.0475
0xc7b072b4368e7a221a2de74dac549edcef34cfa3,2025-05-21T19:02:52.000Z,0,0,0,0,70.433,0,0,0.2772,0,0.2772
0xe2a0c03b1e7a698b63c9f7cf7c37eff577e890a7,2025-05-21T19:02:52.000Z,0,0,0,0,9.5195,0,0,0.0268,0,0.0268
0x16e2e9b9e6c097be009c0b10f8e78f4de99461be,2025-05-21T19:02:52.000Z,0,0,0,0,12.198,0,0,0.0363,0,0.0363
0x30122dd4b8b693aa055b1b5bf385978acd0b3b7b,2025-07-09T00:01:25.000Z,0,0,0,0,22.6892,0,0,0.0496,0,0.0496
0xbb5c86bb3ca72e24f7514f16f8732dd374ff4403,2024-12-07T01:03:35.000Z,0.0006,0,0.0006,0,1037.2704,0.0006,0,473.714,0,473.714
0xc9fdc4e87eff1a29bccbada939c6aca7590e1660,2025-05-21T19:02:52.000Z,0,0,0.0015,0,52542.5445,0.0002,0,142.1709,0,142.1709
0x55aa033bcbf561910503609f2a30f0cc6eba11ab,2025-05-21T19:02:52.000Z,0,0,0.001,0,32180.2641,0.0001,0,87.0802,0,87.0802
0x1b267d2fcb91d73e45db8135aa2e4741f94a2272,2025-03-16T09:25:52.000Z,0.001,0,0.001,0,74853.6735,0.0004,0,449.8488,0,449.8488
0xb6e5b0a2a363a326025f1c9ac1fe7b5ae2633f3f,2025-05-21T19:02:52.000Z,0,0,0.0002,0,11226.0188,0.0001,0,63.2793,0,63.2793
0x35d3cbcf2d75c82febfddf69b01d2dd78fd780eb,2025-05-21T19:02:52.000Z,0.0002,0,0.0002,0,20972.0663,0.0001,0,84.8921,0,84.8921
0x031778c7a1c08787aba7a2e0b5149feb5decabd7,2025-07-14T00:01:37.000Z,0,0,0,0,68.8459,0,0,0.1542,0,0.1542
0xa7bd30c73549c7948e2ef5d46215a5ce95275b98,2025-01-25T11:49:58.000Z,0,0,0,0,142.0408,0,0,2.0892,0,2.0892
0x2535c1d30f861cc09ddb961ddd14cc15a6ca4641,2025-01-25T11:49:58.000Z,0,0,0,0,2.3175,0,0,0.0206,0,0.0206
0x6464dd204ead251e0d767d60640cafc0c02a06de,2025-05-04T12:23:19.000Z,0.0033,0,0.0064,0,935351.8516,0.0039,0,3976.4465,0,3976.4465
0x4eb299568aefa4de18136f52ba1564a2ccf28158,2025-07-14T00:01:37.000Z,0,0,0,0,2.4511,0,0,0.0055,0,0.0055
0x983ced6e1d35718122f0b1f9b4eafc04185c1130,2025-07-14T00:01:37.000Z,0.0002,0,0.0005,0,111883.7233,0.0003,0,248.4595,0,248.4595
0x5ab7971c6e46f55367c1090b863746dc6b1ebb8c,2025-03-08T21:45:40.000Z,0,0,0,0,1.2143,0,0,0.0079,0,0.0079
0xf8fb9316fa63e6401311ad1c861a569087ba3f60,2025-03-08T21:45:40.000Z,0,0,0,0,1.2063,0,0,0.008,0,0.008
0x2a5a9951e1b4e4fcbfa1c23ee24c72e2b3c907d6,2025-03-08T21:45:40.000Z,0,0,0,0,0.6382,0,0,0.0039,0,0.0039
0x159d726ab894970fb32387ae9cb072111fd4508e,2025-03-08T21:45:40.000Z,0,0,0.0013,0,70083.4838,0.0005,0,410.075,0,410.075
0x447b68dc638a582612b3f1443538211665461949,2025-03-08T21:45:40.000Z,0.0001,0,0.0022,0,109490.9294,0.0008,0,639.5336,0,639.5336
0x9c2b07dd951edae10fbf58bb98a1448cde417f58,2025-03-08T21:45:40.000Z,0.0003,0.093,0.0006,0.1018,10830745.4965,0.0004,0.0799,338.1981,0,338.1981
0x9f1ae497afad289aa370f3f4ad038bc5e35f3c27,2025-01-25T11:49:58.000Z,0,0,0,0,184.4184,0,0,2.0862,0,2.0862
0xa83935efd1d09dbd0e09021036b6b79b211baf65,2025-03-08T21:45:40.000Z,0.0002,0,0.0003,0,26316.855,0.0002,0,175.4521,0,175.4521
0x206c5915856ef684d9f816f3747224c853933115,2025-07-09T00:01:25.000Z,0,0,0,0,202.571,0,0,0.479,0,0.479
0x41222737c2dade698e5d1670fa25276674d1e522,2025-03-08T21:45:40.000Z,0.0002,0,0.0003,0,26640.3178,0.0002,0,184.0958,0,184.0958
0x529070265656213bd739d9cfda525a31fd353b1a,2025-01-15T21:12:48.000Z,0,0,0,0,0.5961,0,0,0.0092,0,0.0092
0x5b2b22146bb8cfc3619c8b5ff3b287a10a056b9a,2025-01-13T00:41:16.000Z,0.0007,0,0.0016,0,48466.6419,0.0013,0,799.7454,0,799.7454
0xbebcf3700f462a82061ff95295ab6ec7593c6c6c,2025-03-08T21:45:40.000Z,0,0.0021,0,0.0025,257878.4389,0,0.002,0.21,0,0.21
0x229fd33073a9bfbea6214a71404ae86eec6eaa3f,2025-02-07T17:11:12.000Z,0,0,0,0,0.1464,0,0,0.0016,0,0.0016
0xfc9dcba32cc3c86cef07e69c3fae630db2785a9e,2025-02-07T17:11:12.000Z,0,0,0.0001,0,2702.7319,0,0,27.4381,0,27.4381
0x278371008525f4b50547166da389b5fdb8ebce8e,2025-04-03T17:30:44.000Z,0,0,0,0,0.6049,0,0,0.0036,0,0.0036
0x4e35004054b9195fab156c1b9307e9b569a5b930,2025-04-03T17:30:44.000Z,0,0,0,0,1.4815,0,0,0.0084,0,0.0084
0x59fe26a06a036e487a3e8218786e8512362f37df,2025-04-01T13:58:58.000Z,0.0003,0,0.0004,0,48196.6716,0.0003,0,292.62,0,292.62
0x60abacfaa6f3bd4072707fce6f4eaaaae414847b,2025-04-01T13:58:58.000Z,0.0005,0,0.0013,0,116857.271,0.0007,0,689.0327,0,689.0327
0x59512422af0709c7cab8285838975cd8d7c7ce7d,2025-07-14T00:01:37.000Z,0,0,0,0,7163.5379,0,0,17.0998,0.7451,16.3547
0x1889af068f61c4376e337913bf4728ea20dff7a0,2025-01-15T21:12:48.000Z,0,0,0,0,0.0472,0,0,0.001,0,0.001
0x49a8a44fc8ae002e096fba030791d3a3b7c008a6,2025-01-15T21:12:48.000Z,0,0,0,0,0.046,0,0,0.001,0,0.001
0xa989c0063511a9c773402c6e17d666da7c00f2b2,2025-01-15T21:12:48.000Z,0,0,0,0,0.0437,0,0,0.001,0,0.001
0xe28192c5c24842eb8416d52b2552bd3cd0e32422,2025-01-03T13:45:30.000Z,0,0,0,0,142.9187,0,0,10.3363,0,10.3363
0xb771d4a6b8f37c418b5379c1a6893acdbf00b788,2025-01-03T13:45:30.000Z,0,0,0,0,142.9338,0,0,10.3374,0,10.3374
0xad90b9d2e2d974653f86b6c6cd810d056bb3c198,2025-01-03T13:45:30.000Z,0,0,0,0,142.9194,0,0,10.3364,0,10.3364
0x34c263a565157c2c0fefda9c7d205fdbea8ee2ee,2025-01-15T21:12:48.000Z,0,0,0,0,0.1276,0,0,0.003,0,0.003
0xf582d178e005f9df3ea8c88c85aae8193ea95a71,2025-01-13T00:41:16.000Z,0.0001,0,0.0002,0,3535.9943,0.0002,0,93.0428,0,93.0428
0x969c6ba66e832cdbb56f9bef7d8f4ca98be6c006,2025-07-04T00:00:15.000Z,0,0,0,0,3.6431,0,0,0.0098,0,0.0098
0x2a7fc2c27546deaf1723dbc4e30e162941932450,2025-07-04T00:00:15.000Z,0,0,0.031,0,1523678.3176,0.0041,0,4972.0495,0,4972.0495
0x38d8c1e466dd5889cc8b029394f7dabd55a2e232,2025-02-07T17:11:12.000Z,0,0,0,0,0.5777,0,0,0.0095,0,0.0095
0xa5ac847fc0e14223395778d216f58501f138e9a2,2025-02-07T17:11:12.000Z,0.0004,0,0.0009,0,26807.4324,0.0005,0,440.0171,0,440.0171
0x83cccdd523e02d44d229b2b2ee59d69d3af03dd8,2025-05-08T19:35:03.000Z,0,0,0,0,0.4968,0,0,0.0029,0,0.0029
0x64b1a10f3244a6803ee32902bb3f9d267b6577f7,2025-05-08T19:35:03.000Z,0,0,0,0,1.6894,0,0,0.0096,0,0.0096
0x494c439ef103f87b4d8f6b475cdbb8d07f940ff0,2025-05-04T12:23:19.000Z,0.0001,0,0.0072,0,506815.8611,0.0026,0,2834.9819,0,2834.9819
0xd8ad1fea3fb40671a2ed0fd17f4f196a4be75fb4,2025-05-08T19:35:03.000Z,0,0,0.0436,0,1639153.6954,0.0081,0,8680.6939,0,8680.6939
0x1eb7458ae2d2509691de3514870c543bf1ba4813,2025-05-08T19:35:03.000Z,0,0,0,0,1.7219,0,0,0.0098,0,0.0098
0xc58598141a72db365e8ecd4d740a191913551d0f,2025-05-08T19:35:03.000Z,0,0,0.0101,0,361117.792,0.0018,0,1847.3479,0,1847.3479
0xe1d93f9a4982cf170baddf711ac93a9e10b1ec1e,2025-05-08T19:35:03.000Z,0,0,0.1035,0,3951011.7817,0.0196,0,20898.557,0,20898.557
0xae25817e57d1be8c2c60ba911300f4fc45a9f8cb,2025-03-17T06:44:30.000Z,0,0,0.019,0,1172815.5094,0.0107,0,11467.1873,0,11467.1873
0x7d3a0da18e14ccb63375cdc250e8a8399997816f,2025-01-25T11:49:58.000Z,0,0,0,0,0.2289,0,0,0.0097,0,0.0097
0x725bcf16bae966975170c4d98e646a518ae071d3,2025-05-07T04:14:12.000Z,0,0,0.0012,0,20240.1808,0.0001,0,109.1527,0,109.1527
0xb4b04564f56f4795ea4e14d566af78da54a99980,2025-05-07T04:14:12.000Z,0.0008,0,0.0008,0,90707.7229,0.0005,0,554.4412,0,554.4412
0xc978f4364c03a00352e8c7d9619b42e26b6424ab,2025-01-25T11:49:58.000Z,0,0,0,0,851.7006,0,0,42.0508,0,42.0508
0x9eaf050ec7f530df460ee65bc5be3456ec8520f2,2025-01-17T08:07:51.000Z,0.0002,0,0.0003,0,1635.067,0.0002,0,255.943,0,255.943
0xbc50caf07e9e84fa54757673e0cbfe03be35e6f5,2025-01-17T08:07:51.000Z,0,0,0,0,111.7663,0,0,17.4952,0,17.4952
0xfe13988736d95d052c2e45e5b4e1ef2e2750b7f4,2025-05-08T19:35:03.000Z,0.0671,0,0.1955,0,22835070.6024,0.1181,0,135895.9188,0,135895.9188
0x8195fa0519d5f3ad3766e2ec5b3dfc088be03aab,2025-03-08T21:45:40.000Z,0.002,0,0.0027,0,170690.0609,0.0019,0,2106.7599,0,2106.7599
0xab5937b9b3be8a568943617dfcbd9d55717c32ec,2025-01-25T11:49:58.000Z,0,0,0,0,0.0863,0,0,0.0057,0,0.0057
0xa53158c126a6734db171f965d9abf66ce37f02fa,2025-04-14T03:59:09.000Z,0,0,0,0,0.9678,0,0,0.0076,0,0.0076
0xb71b85723b2fd2438dfb1cda5d3ef34b209f2178,2025-02-09T22:20:05.000Z,0,0,0.0001,0,2786.6041,0.0001,0,76.2443,0,76.2443
0xd18f8e0eff764a18f7d70c6c84340338dc79d9ff,2025-05-07T04:14:12.000Z,0,0,0.0039,0,551656.3953,0.003,0,3542.327,0,3542.327
0x4bc80d24598141f46455959f671155d5c5504872,2025-02-23T02:53:10.000Z,0.0002,0,0.0115,0,596945.7885,0.0099,0,10875.9914,0,10875.9914
0x5ca22fe7ced86660aac7d90236f184fa857dc2ec,2025-02-23T02:53:10.000Z,0.0002,0,0.0089,0,495359.0652,0.0083,0,9028.6866,0,9028.6866
0x766727e57a00cf6179156225ea4be95c03721b9f,2025-02-23T02:53:10.000Z,0.0001,0,0.0034,0,183118.1241,0.0031,0,3334.2598,0,3334.2598
0x15e4b073c44e90d4667c7add06ab7a0dbe7f4097,2025-02-23T02:53:10.000Z,0,0,0.0083,0,192079.5228,0.0032,0,3531.402,0,3531.402
0x26640ab4d4acc4a3b1b3e4ef361da6549df1266b,2025-02-23T02:53:10.000Z,0,0,0.0021,0,93732.7442,0.0016,0,1714.9325,0,1714.9325
0x391f34fa842a35d124088b3f03d8eee263b56c0e,2025-02-23T02:53:10.000Z,0.0001,0,0.0021,0,110602.1108,0.0018,0,2013.8009,0,2013.8009
0xcc37ac58c61e76b941ae31beb93f819592139913,2025-02-06T23:46:15.000Z,0,0,0,0,0.265,0,0,0.0098,0,0.0098
0x1f39522caa631768b73d1ed8c8ca0eca8f543e85,2025-04-14T03:59:09.000Z,0,0,0,0,0.6826,0,0,0.0056,0,0.0056
0x8b20880fbc214a5eb74ecee679c8971149a45415,2025-05-08T19:35:03.000Z,0,0,0,0,3.1551,0,0,0.0203,0,0.0203
0xd66cd44cd9ab01f8649b72c94402f33e50864f49,2025-01-26T19:14:39.000Z,0.0006,0,0.0007,0,7318.095,0.0006,0,708.6059,0,708.6059
0xa14d0ef5ff41796c4e39ba3a65f45fa3e92790f2,2025-02-09T22:20:05.000Z,0.0004,0,0.0004,0,10891.9877,0.0003,0,343.2752,0,343.2752
0x0e44ff4b3ddfaa45dba672cadd5db41d080d6c11,2025-02-13T23:51:50.000Z,0,0,0,0,0.1992,0,0,0.0055,0,0.0055
0x6e5191412f7d8fa741285a2f852aad0e00810140,2025-02-13T23:51:50.000Z,0,0,0,0,0.2637,0,0,0.0073,0,0.0073
0x89b4dcca0f2f7ca6cced6642e13227b5c63c6dcb,2025-02-09T22:20:05.000Z,0.0005,0,0.0005,0,15598.7226,0.0005,0,517.1704,0,517.1704
0x29ab799706136037347e608ca0e2be146ba4dcdd,2025-02-09T22:20:05.000Z,0.0001,0,0.0001,0,2690.9959,0.0001,0,89.5382,0,89.5382
0xe4a982fa1f1e8ad1af238a7b1226b13b56bf5ccd,2025-05-03T01:31:32.000Z,0,0,0.0002,0,1323.6408,0.0001,0,104.0193,0,104.0193
0x900f2feaf13d922c56fbf8895b510df027d0443a,2025-05-04T12:23:19.000Z,0.0014,0,0.002,0,277853.6702,0.0016,0,1911.3565,0,1911.3565
0xa999ac5c4a1178b07adf249a7e48d2c7aec19d3d,2025-05-07T04:14:12.000Z,0.0001,0,0.0025,0,243023.9914,0.0014,0,1591.3466,0,1591.3466
0x9dadf18c8aec2a80be1473935b5b710b9ac6eaa2,2025-02-06T23:46:15.000Z,0,0,0,0,0.0629,0,0,0.0026,0,0.0026
0x4570d40511866048008f5544139a0ee56b4cb817,2025-01-26T19:14:39.000Z,0.0001,0,0.0001,0,706.8951,0.0001,0,98.6016,0,98.6016
0x217d57904fc911d97fec7d323820bc312fb135d0,2025-07-01T00:01:22.000Z,0,0,0,0,1.0546,0,0,0.0035,0,0.0035
0x4008f34b31204155ac77fc97c3f458c052672531,2025-07-04T00:00:15.000Z,0,0,0.0004,0,75099.4478,0.0002,0,242.1114,0,242.1114
0x1981d98ef489997f0611e10ba43d3d8c4c697923,2025-02-18T12:36:15.000Z,0,0,0,0,960.1537,0,0,23.5088,0,23.5088
0xb1dd59d6a9925d56f459012c5693279d2e95992d,2025-02-18T12:36:15.000Z,0,0,0,0,66.1772,0,0,1.6203,0,1.6203
0x9786a9ef033308b49772ca08a1fc4b835fc25d79,2025-02-18T12:36:15.000Z,0,0,0,0,299.0515,0,0,7.3013,0,7.3013
0xc54c6380daf0b819f903238384b1699d59346658,2025-02-18T12:36:15.000Z,0,0,0,0,169.5051,0,0,4.1502,0,4.1502
0x790ddaa427923debe85932e6984f651fae7d832f,2025-07-14T00:01:37.000Z,0,0,0,0,1.1552,0,0,0.0034,0,0.0034
0xa147ad7eec422919920835011d47b51088bc606b,2025-07-14T00:01:37.000Z,0,0,0,0,3.2105,0,0,0.0092,0,0.0092
0xa6e28a1c053295cc34d335efb5801d82204d8922,2025-07-14T00:01:37.000Z,0.0001,0,0.0002,0,42028.8965,0.0001,0,123.3203,0,123.3203
0x79ef6a46fb8ab365ae15613496ca3e5619edb5ad,2025-07-14T00:01:37.000Z,0.0002,0,0.0004,0,80842.5584,0.0002,0,230.4679,0,230.4679
0x7809f0e94e247143313b97b02f8411bd41540677,2025-04-01T13:58:58.000Z,0,0,0,0,1304.4154,0,0,13.1913,0,13.1913
0x956b2e01e38e6a8db2de1e475f55886d51dc4fdf,2025-02-13T23:51:50.000Z,0,0,0,0,0.0457,0,0,0.0014,0,0.0014
0x369493e33459d16ed0119526d08152b684e03c63,2025-02-13T23:51:50.000Z,0,0,0,0,0.0439,0,0,0.0013,0,0.0013
0xaa673648a822fcf4b143312b85f773f1d1b9f773,2025-02-13T23:51:50.000Z,0,0,0,0,0.0756,0,0,0.0023,0,0.0023
0x707fefca1198d32610c8d5e3de4326f14c6c7f8f,2025-02-09T22:20:05.000Z,0,0,0,0,334.099,0,0,12.3075,0,12.3075
0x272233497094a586e80b341ffd5100d972162a92,2025-02-09T22:20:05.000Z,0,0,0,0,334.1523,0,0,12.3095,0,12.3095
0xfe582a1d64f50645c813dc9425195ff3ce9aab0d,2025-02-09T22:20:05.000Z,0,0,0,0,1002.7576,0,0,36.9394,0,36.9394
0x2ae5b63bc2f3b9087b8b1904591eaa92718e3174,2025-02-23T02:53:10.000Z,0.0001,0,0.0041,0,185156.1031,0.0038,0,4163.5128,0,4163.5128
0x949fd3a64f44b80bb13db2b6af0fabfcf727d354,2025-05-08T19:35:03.000Z,0,0,0,0,0.2376,0,0,0.0016,0,0.0016
0x79889e8cf01f940ac0773acfd019770547e54e20,2025-07-12T00:01:06.000Z,0,0,0,0,1.6955,0,0,0.0053,0,0.0053
0x862a146180343638f12137084ac2fd7cc7a47224,2025-07-12T00:01:06.000Z,0,0,0,0,2.616,0,0,0.0074,0,0.0074
0xfe3e4266c02fe56af770c080010a927da08bbcc2,2025-07-12T00:01:06.000Z,0,0,0.0004,0,75439.2573,0.0002,0,242.9167,0,242.9167
0x7db90e374edd104077abcbed45d7117f734777a3,2025-07-12T00:01:06.000Z,0,0,0.0002,0,25643.8791,0.0001,0,84.9673,0,84.9673
0xef4d9e1f4e9e2dd9e747b53f4be3d04bfa935f2d,2025-07-12T00:01:06.000Z,0,0,0,0,2334.1907,0,0,7.1467,0,7.1467
0xa7e93f5a0e718bddc654e525ea668c64fd572882,2025-05-21T19:02:52.000Z,0,0,0,0,275.7677,0,0,1.7278,1.4435,0.2843
0x1cca18430fa4ab078b8df5fd2e7a84ffd3858313,2025-05-21T19:02:52.000Z,0,0,0,0,0.7356,0,0,0.0046,0,0.0046
0x8e0b3c2d675013e7ca84dfc044678133a6b7a36c,2025-05-21T19:02:52.000Z,0,0,0,0,0.6024,0,0,0.0038,0,0.0038
0xd2a6017179968d65ea6efaaea6f19d60e78314af,2025-05-21T19:02:52.000Z,0,0,0,0,132.839,0,0,0.8323,0,0.8323
0x2933a9010fa10368113d9e4071ddf8c6adcd81d2,2025-05-21T19:02:52.000Z,0,0,0,0,89.3045,0,0,0.5595,0,0.5595
0x26ad67c86e5693f8033766f589b868d2fe51496d,2025-07-14T00:01:37.000Z,0,0,0,0,2.2709,0,0,0.0068,0,0.0068
0x134e71213b9d480c5df2b0a6916bec0eadcea8e6,2025-07-14T00:01:37.000Z,0,0,0,0,1.4887,0,0,0.0045,0,0.0045
0x0a2a2e54997f5e32b70b3c294172bec86c747dd7,2025-07-14T00:01:37.000Z,0,0,0,0,5528.7047,0,0,18.741,0,18.741
0x5ed3339ab4e90855ddb7f9e2905253e9d2ab59ed,2025-05-04T12:23:19.000Z,0,0,0,0,1200.7645,0,0,9.4214,0,9.4214
0xbd12aa424c207e90b66402c1f0aec357e8b1ded7,2025-07-14T00:01:37.000Z,0,0.0033,0,0.0095,1992391.2886,0,0.0058,2.2283,0,2.2283
0x801c4b062ccb8c7aee03fddfd14e3ff563e0e966,2025-07-14T00:01:37.000Z,0,0,0,0,908.3451,0,0,2.7194,0,2.7194
0x29f3c8b6a90f10f96f269495f4af184c0988a594,2025-07-14T00:01:37.000Z,0,0,0,0,1879.759,0,0,5.6276,0,5.6276
0x8d831a71dd552ae2657d2c8ee4ceceb86a3dd779,2025-07-14T00:01:37.000Z,0,0,0,0,744.3276,0,0,2.2283,0,2.2283
0xfc91d4275995db19d0bb9017ba667325ecdd8741,2025-07-14T00:01:37.000Z,0,0,0,0,2.4018,0,0,0.0072,0,0.0072
0xbac525271fcf4deed00380e70b0c20ff1121d755,2025-07-14T00:01:37.000Z,0.0005,0,0.0007,0,170175.2488,0.0005,0,515.4589,0,515.4589
0x32aaba58de76bdba912fc14fcc11b8aa6227aee9,2025-07-12T00:01:06.000Z,0,0,0,0,152.9128,0,0,0.4874,0,0.4874
0x9e042629bad86c08bd29b56a53917d1527bb63c9,2025-07-14T00:01:37.000Z,0,0,0,0,1.1094,0,0,0.0035,0,0.0035
0x131cf758d9ef6bca88928442dc715c8fdc113952,2025-05-08T19:35:03.000Z,0,0,0,0,2150.9765,0,0,17.5189,0,17.5189
0xb95d9b1bcb514cbb31fea317f472bf4858231f7e,2025-07-14T00:01:37.000Z,0.0001,0,0.0159,0,2676335.0759,0.008,0,8417.0221,0,8417.0221
0x7adba6c27fa12ec222690405a421bca26165d6e3,2025-07-14T00:01:37.000Z,0.0001,0,0.008,0,1166032.2856,0.0035,0,3520.0645,0,3520.0645
0xdfd13dcf4f90fa97057a34c512c9517de789c826,2025-07-14T00:01:37.000Z,0.0001,0,0.0075,0,1102895.8611,0.0033,0,3328.6487,0,3328.6487
0xe2515fa79dbab71d1b015dc5cea40a4d795be9cb,2025-07-14T00:01:37.000Z,0,0,0,0,2.7823,0,0,0.0086,0,0.0086
0xe1d14a9f4679465a765364ea2fe32f5c38d38f5b,2025-07-14T00:01:37.000Z,0.0003,0,0.0937,0,15222692.1843,0.0459,0,47823.1403,0,47823.1403
0xa78677de2d0b9bf26488bb470ee3e8276b8ba509,2025-07-14T00:01:37.000Z,0.0217,0,0.032,0,6097077.0979,0.0184,0,18932.3883,0,18932.3883
0x8dff5ee9e094be20d2cd1bea46d6e1fe6c10c669,2025-07-14T00:01:37.000Z,0.021,0,0.0309,0,5893878.7035,0.0178,0,18300.0225,0,18300.0225
0xf9c729054ed9691884a19334098378b399b469ea,2025-07-14T00:01:37.000Z,0,0,0,0,2248.2314,0,0,7.0195,0,7.0195
0xb475f0220afbeb603b287867e4429abe81041472,2025-04-17T20:54:06.000Z,0,0,0,0,0.6161,0,0,0.0068,0,0.0068
0xb2a2ce3d9be9fc12c98fff2a1c358277be66aa66,2025-04-17T20:54:06.000Z,0,0,0,0,0.4739,0,0,0.0052,0,0.0052
0x7acd208c00d3f6da3581192d981d6985bab5287d,2025-04-13T09:54:13.000Z,0.0006,0,0.0007,0,56143.3357,0.0006,0,674.4161,0,674.4161
0x9fd1e583b7c9a56b2c36fb67a03872d749341a43,2025-04-13T09:54:13.000Z,0.0003,0,0.0004,0,29002.1102,0.0003,0,348.2755,0,348.2755
0x8d85878ca04fe8eee31dcbf53a2aed86b379c93a,2025-07-14T00:01:37.000Z,0,0,0,0,2.643,0,0,0.0084,0,0.0084
0x9afd4d90c7ba73aa68e24b14223c8c43c677505d,2025-07-14T00:01:37.000Z,0.0041,0,0.019,0,3460481.0368,0.0108,0,11208.0035,0,11208.0035
0x4ef83cb2e76f460431921111a166a3acd8af8c06,2025-07-14T00:01:37.000Z,0,0,0,0,2.3855,0,0,0.0077,0,0.0077
0xb1998487b4cd187b4c4d1ad81a957ccbc10a0f85,2025-07-14T00:01:37.000Z,0,0,0,0,2999.0427,0,0,9.2234,6.1377,3.0857
0x111f08c1e58ad604f6fdc5b1d0d3dd9a89d0dc2f,2025-07-14T00:01:37.000Z,0,0,0,0,1926.2633,0,0,6.1064,0,6.1064
0x0d300b3f5a994d31ad44b90f10c141a592f712ad,2025-02-20T19:50:06.000Z,0.0002,0,0.0002,0,397.6653,0.0002,0,251.7663,0,251.7663
0x55aae08c2913c4b582f860031e3afdc2ca0ba063,2025-03-08T21:45:40.000Z,0,0,0,0,75.5609,0,0,3.0492,0,3.0492
0x923bfbcf199afcdf2071d60a811132ce4b747984,2025-07-14T00:01:37.000Z,0.0011,0,0.002,0,232466.4704,0.0007,0,696.0572,152.4785,543.5787
0x5ae31b437851b57a491603d6c7a845b61c88f1f5,2025-05-21T19:02:52.000Z,0,0.0111,0,0.021,1732555.7611,0,0.0117,8.2994,0,8.2994
0x42fa2ab9869e129c34f816c0b0c0eae33b1536b5,2025-03-10T17:55:31.000Z,0.0002,0,0.0003,0,4554.3592,0.0002,0,298.8928,0,298.8928
0x1404ee36a48b524159412da85e7a7d2a7bcef935,2025-07-04T00:00:15.000Z,0,0,0,0,0.4695,0,0,0.0018,0,0.0018
0x3f5bd70412cccb1516c8970c3e5a5873a45b9934,2025-07-01T00:01:22.000Z,0.0001,0,0.001,0,47348.9007,0.0002,0,217.2554,0,217.2554
0x3ae4972c49f2634c3753c186a1b68ed72d404ddf,2025-07-14T00:01:37.000Z,0,0,0,0,1.0829,0,0,0.0037,0,0.0037
0x745c611731dabbf4db50707f95d9eb4eb3258877,2025-07-14T00:01:37.000Z,0.0015,0,0.0037,0,714170.1119,0.0024,0,2435.7333,0,2435.7333
0xf01afb9d83006ba5a12267ea8595836e086305e9,2025-07-14T00:01:37.000Z,0,0,0,0,1.6624,0,0,0.0057,0,0.0057
0x63e85080e96f90a7d5ed5666985f35b953fe9dcb,2025-07-14T00:01:37.000Z,0,0,0,0,1.9568,0,0,0.0066,0,0.0066
0x7571bb9487211f09624fbfa71134e255c1699b69,2025-07-14T00:01:37.000Z,0.0071,0,0.0112,0,2275801.594,0.0075,0,7721.175,0,7721.175
0x35a22f96e541f395a319a321f20d739021e7c8c8,2025-07-14T00:01:37.000Z,0.0042,0,0.0067,0,1357758.7196,0.0045,0,4608.3205,0,4608.3205
0x51e14dcb7d6ed4d5fcb62143636df837a2437db3,2025-04-03T17:30:44.000Z,0,0,0,0,38.8573,0,0,0.8919,0,0.8919
0x9f22ac105351964957b649f562c4a41268965382,2025-07-04T00:00:15.000Z,0,0,0,0,448.5364,0,0,1.7251,0,1.7251
0x45a22924a6353058d383583c940a16e75cda155a,2025-07-14T00:01:37.000Z,0.0003,0,0.0005,0,98694.7673,0.0003,0,344.6569,0,344.6569
0x97e55df556254ddb9298abb16307c5c378b74cca,2025-07-14T00:01:37.000Z,0,0,0,0,5864.0885,0,0,20.8948,20.8948,0
0xde2a93da4b0a34b878e00718f6e079e022f276f1,2025-07-14T00:01:37.000Z,0,0,0,0,1718.4788,0,0,6.1163,0,6.1163
0x4a33863614b5c8f851917f3746ec2cc2a51ea46e,2025-05-21T19:02:52.000Z,0,0,0.0221,0,787606.3574,0.0068,0,8643.5543,0,8643.5543
0x165604b4240a6970acc4dfe314938e0361b0166d,2025-05-17T17:30:25.000Z,0.004,0,0.0051,0,194158.4033,0.0018,0,2271.4116,0,2271.4116
0xb7f2947c23c18eb67141829014472df9244f6f9b,2025-05-21T19:02:52.000Z,0,0,0.0039,0,107093.2903,0.0009,0,1251.5629,0,1251.5629
0xdfbb4c382f29dc431356c1fb3e4bb73790f0fae4,2025-04-24T15:05:37.000Z,0,0,0.0002,0,9080.0097,0.0002,0,176.9776,0,176.9776
0xe358a8b6c3babecb22919c863296401919e520be,2025-04-29T06:26:18.000Z,0.0004,0,0.0393,0,606950.7617,0.0104,0,14202.9568,0,14202.9568
0x212cee1b89ad0ad359be0cc4d210948536af32cc,2025-04-29T06:26:18.000Z,0.0003,0,0.0296,0,455210.8968,0.0078,0,10657.4446,0,10657.4446
0x1e3ec1e5cd9c91c32cd676b7026a327298d54d60,2025-06-05T00:00:54.000Z,0.0019,0,0.0022,0,103718.2355,0.0008,0,786.0597,0,786.0597
0xa1cb96b8eda740581fd74ca56eb23566738419fb,2025-07-14T00:01:37.000Z,0,0,0,0,119.4046,0,0,0.4634,0,0.4634
0xba1333333333a1ba1108e8412f11850a5c319ba9,2025-07-14T00:01:37.000Z,0,0,0,0,591.1878,0,0,2.3003,0,2.3003
0x5ae5c4bc5033cd7782b061f652bae25b8d790f6c,2025-07-14T00:01:37.000Z,0,0,0,0,864.1783,0,0,3.3639,0,3.3639
0x95299a38c7ca21b70325979258bd7f40e27f1e2a,2025-07-14T00:01:37.000Z,0,0,0.0002,0,22147.6075,0.0001,0,95.5069,0,95.5069
0x14df3d882312e184951479cf75343732e6dd6129,2025-07-14T00:01:37.000Z,0,0,0.0001,0,7322.3417,0,0,31.1746,0,31.1746
0xd0363ccd573163df94b754ca00c0aca2bb66b748,2025-07-14T00:01:37.000Z,0,0,0,0,3369.3809,0,0,13.5542,0,13.5542
0x81399aa9bb16dd069a0ca9f9519d6bcf0ebc9150,2025-07-04T00:00:15.000Z,0,0,0,0,1.8837,0,0,0.0088,0,0.0088
0xb16a6a5c75df040bcbd460df835d703659ec1db8,2025-07-04T00:00:15.000Z,0.0003,0,0.0008,0,115351.4673,0.0005,0,553.343,0,553.343
0x7ccf330ec6731e89146c2a5d1b4f8a6f542f7a5d,2025-04-08T23:21:46.000Z,0.0002,0,0.0002,0,664.488,0.0002,0,228.4045,0,228.4045
0x8f2111b5a8785dc766598dff382ac900ffb8ea07,2025-04-08T23:21:46.000Z,0.0002,0,0.0002,0,596.1684,0.0002,0,204.9338,0,204.9338
0x3d4cc1cd0db16b612932d23c450894313145d342,2025-07-14T00:01:37.000Z,0,0,0,0,326.2267,0,0,1.4857,0,1.4857
0x59cb7f79e9454298e563bb77a63c3cc0a5f27407,2025-04-12T09:01:05.000Z,0,0,0,0,47.9162,0,0,6.57,0,6.57
0x29bce288b3701050b15b63b05801dec095d8a445,2025-04-15T09:55:08.000Z,0.0006,0,0.0006,0,5333.6729,0.0005,0,519.2847,0,519.2847
0x439da609d21de59354d64c1cdba2b92812d419bc,2025-04-30T15:43:46.000Z,0.0001,0,0.0003,0,8128.2401,0.0002,0,270.3555,0,270.3555
0xdc68e82bf690cc1471aab9c5ccc4726e55a0b554,2025-05-31T00:00:45.000Z,0.0001,0,0.0005,0,28301.2579,0.0003,0,348.535,0,348.535
0xb93f148451568493f531ce4bfb63b222055fad31,2025-04-30T15:43:46.000Z,0,0,0.0003,0,9838.86,0.0003,0,327.8124,0,327.8124
0x153709dadc062f6878803ec28d4792559c7705a8,2025-04-15T09:55:08.000Z,0,0,0.0001,0,767.7872,0.0001,0,104.447,0,104.447
0x42ceec7f37f20f40ef70004ab9699056360a10a9,2025-05-31T00:00:45.000Z,0,0,0.0001,0,5071.7742,0.0001,0,65.7401,0,65.7401
0x16e7bb2706882836bf2da666363460e2a8627d13,2025-05-17T17:30:25.000Z,0.0002,0,0.0003,0,10942.1127,0.0002,0,228.5522,0,228.5522
0x3666da333dadd05083fef9ff6ddee588d26e4307,2025-05-21T19:02:52.000Z,0,0,0,0,9.9514,0,0,0.1833,0,0.1833
0xa50341f5e72ed061cd0adbd338cbf070dc45784c,2025-04-25T20:05:49.000Z,0.0002,0,0.0002,0,2143.757,0.0001,0,157.1295,0,157.1295
0xc67cf4e525fffc95833ab315c24d6e00c46db6a1,2025-05-07T04:14:12.000Z,0,0,0,0,27.5703,0,0,0.8928,0,0.8928
0x80ec851fc8fd5502ed4052f60fd9edb59240bc84,2025-05-21T19:02:52.000Z,0,0,0,0,3.154,0,0,0.0644,0,0.0644
0x2529c8a05fade7763639a46c27b2741ef48c0f6e,2025-07-14T00:01:37.000Z,0,0,0,0,1.1124,0,0,0.0048,0,0.0048
0x855bc1c5530dda7b2db605e1c5b74222bfaca94f,2025-07-14T00:01:37.000Z,0.0003,0,0.0004,0,67623.1906,0.0003,0,295.9897,0,295.9897
0xbae77c8edbeac89eb1f546d559526716260bf967,2025-04-28T09:05:21.000Z,0.0009,0,0.0009,0,11454.2937,0.0009,0,1178.9255,0,1178.9255
0x82dc7ffd95c10d3cc03ab465e15eb492b8524a39,2025-04-22T02:22:40.000Z,0.0001,0,0.0001,0,341.4926,0.0001,0,140.5636,0,140.5636
0x0508ba969c1c58de7c08dc8d87f8dd7b7a89b8e3,2025-05-08T16:05:59.000Z,0,0,0,0,852.2777,0,0,43.275,0,43.275
0x9841d4f7b38e9f3a73ac51cb860836f43f4bd664,2025-04-24T15:05:37.000Z,0.0002,0,0.0002,0,361.9079,0.0002,0,298.0881,0,298.0881
0xafb1dd1b8a68a5b3ec13e88de07ffcf08fc3edc9,2025-05-08T16:05:59.000Z,0,0,0,0,631.7917,0,0,36.5807,0,36.5807
0x30b3343638cfef3aea24298eaaef37a6b1656cae,2025-05-01T19:26:49.000Z,0.0001,0,0.0001,0,974.0756,0.0001,0,109.9724,0,109.9724
0x916dd256a6dd33db251c8bb2770eab3d5a153311,2025-05-01T19:26:49.000Z,0,0,0,0,159.621,0,0,30.6131,0,30.6131
0x4eb40762006311f975f5089ae80670e5d56b095e,2025-05-01T19:26:49.000Z,0.0001,0,0.0001,0,975.1888,0.0001,0,187.0276,0,187.0276
0x49aa7de49d7d3a55de3a368722332bc0df4147ca,2025-05-01T19:26:49.000Z,0,0,0,0,7.1068,0,0,1.363,0,1.363
0x264349e192480c63bc4a78da812eab602c4daff3,2025-05-01T19:26:49.000Z,0.0001,0,0.0001,0,462.5652,0.0001,0,88.7135,0,88.7135
0xa350122a590fc6c8bee981a06039436fff79c02a,2025-05-03T01:31:32.000Z,0,0,0,0,182.3774,0,0,28.4502,0,28.4502
0x1b5316fad74134a35fbaf6baa7116ec4da520e9e,2025-04-30T15:43:46.000Z,0.0002,0,0.0002,0,297.1632,0.0002,0,228.4784,0,228.4784
0xc08160c005f9ed0d231f5ecbabd038c8dd9a234b,2025-06-07T00:00:26.000Z,0,0,0.0261,0,233011.2787,0.0027,0,2201.6903,0,2201.6903
0xb344217545a541e12028084f1e7f8577d6e7ec1f,2025-06-07T00:00:26.000Z,0,0,0.0012,0,13413.4562,0.0002,0,146.7917,0,146.7917
0x0cfea608cdd5dd2f28a44c364648ee482e05879b,2025-05-01T19:26:49.000Z,0,0,0,0,107.2188,0,0,27.4075,0,27.4075
0x2693690b2c9f00b8b71024a997886f168930de72,2025-05-05T18:15:49.000Z,0,0,0,0,77.1468,0,0,8.8547,0,8.8547
0x95ef228f0f988e38a7d16c4365c19deab409a36d,2025-05-01T19:26:49.000Z,0.0001,0,0.0001,0,168.6895,0.0001,0,64.5971,0,64.5971
0x8159a2c055dcb46e900591bbf00001fbc0b13c84,2025-05-21T19:02:52.000Z,0.0004,0,0.0005,0,14528.2295,0.0004,0,517.8018,0,517.8018
0x88856bf51586a9c3ebebdc6644b67a0e34250ce4,2025-05-04T12:23:19.000Z,0,0,0,0,29.7818,0,0,12.4492,0,12.4492
0xc5c7ed49142df517076fe0ee33808e73a2774e11,2025-05-17T17:30:25.000Z,0.0002,0,0.0002,0,5568.6254,0.0002,0,258.7692,0,258.7692
0xfaf6bb8f1a300130fb9dc582dc8363a50841882d,2025-05-21T19:02:52.000Z,0,0,0.0002,0,3034.8723,0.0001,0,109.5468,0,109.5468
0x5e9ff1d1f2017fc69b5e3accb0d47fc504093973,2025-07-14T00:01:37.000Z,0,0,0,0,153.0442,0,0,0.9545,0,0.9545
0xec9048b59b3467415b1a38f63416407ea0c70fb8,2025-07-14T00:01:37.000Z,0.0001,0,0.0001,0,5618.9217,0,0,29.4813,0,29.4813
0x4578ca8179b7746c9b34b5d3f0a7312adcaeb2c0,2025-05-21T19:02:52.000Z,0,0,0.0427,0,146842.8553,0.0055,0,7342.7471,0,7342.7471
0x4641abc565d7b9a1fc5164af9fe0becc59fe35e3,2025-05-21T19:02:52.000Z,0,0,0.0005,0,4261.5944,0.0002,0,194.8039,0,194.8039
0x85877eda58588a5bbe31503425cc39feafb475fe,2025-05-21T19:02:52.000Z,0,0,0,0,152.3134,0,0,6.7846,0,6.7846
0xc474a2a58149ff688b83efbe29f8826997f8f87e,2025-05-31T00:00:45.000Z,0.0001,0,0.0001,0,4255.9623,0.0001,0,84.2945,0,84.2945
0xfbb5b4d669f85a769e65c1ea4109be10e48db7e5,2025-07-14T00:01:37.000Z,0.0002,0,0.0004,0,54116.3882,0.0003,0,266.4407,0,266.4407
0xfe8290022f8656101d600a05c294a63b989c52ec,2025-05-08T16:05:59.000Z,0.0002,0,0.0002,0,305.0457,0.0002,0,251.5583,0,251.5583
0x40faa37d5b1c5edb330702584e549565115bffe9,2025-05-31T00:00:45.000Z,0.0004,0,0.0004,0,13772.9474,0.0003,0,268.3679,0,268.3679
0x12ebe2e60345ea7bf0c528cacf4552b2584974ae,2025-05-11T12:10:57.000Z,0.0002,0,0.0002,0,917.119,0.0001,0,164.0468,0,164.0468
0xf54c750a7fd35497932db2e1f200e570ee35e569,2025-05-11T12:10:57.000Z,0.0002,0,0.0002,0,1129.7055,0.0002,0,202.0725,0,202.0725
0xc07aeea5cf0e085262d926d1b678c705868ca38c,2025-05-11T12:10:57.000Z,0.0001,0,0.0001,0,825.6425,0.0001,0,147.6842,0,147.6842
0xdb694f187957397f931fa5404953b9de179195e7,2025-07-04T00:00:15.000Z,0,0,0,0,1.4877,0,0,0.0087,0,0.0087
0xc6200382b504f2c49adb02e3a07d142f0f747c71,2025-07-01T00:01:22.000Z,0.0001,0,0.0005,0,43007.525,0.0003,0,265.6902,0,265.6902
0x7d66371f4dd6f65ac9060a2798742535eb0ddc74,2025-07-04T00:00:15.000Z,0,0,0,0,0.2637,0,0,0.0016,0,0.0016
0x5366566d9d5ef362c4b2056f1ca8ad11b5a618e4,2025-07-04T00:00:15.000Z,0,0,0,0,0.2493,0,0,0.0015,0,0.0015
0xee170885d4e3bfcec522b4555b2132b2d3243e67,2025-07-04T00:00:15.000Z,0,0,0,0,0.5429,0,0,0.0033,0,0.0033
0x3a1e2ab09f140e4fa8ef92d236f45b3e5e958e1a,2025-07-04T00:00:15.000Z,0,0,0,0,0.1526,0,0,0.0009,0,0.0009
0xc809e376b20b28931479f6b472d1a17ba8436ac0,2025-07-01T00:01:22.000Z,0.0001,0,0.0002,0,18414.6035,0.0001,0,117.2149,0,117.2149
0xc122d61797b3d147c5aa8156043523391067613f,2025-07-01T00:01:22.000Z,0,0,0,0,1213.4426,0,0,7.7146,0,7.7146
0xd473664142df114d18ea1e2a498716076ae238fa,2025-07-01T00:01:22.000Z,0,0,0,0,3643.8551,0,0,23.1666,0,23.1666
0xa2489fb05a2ee4613a1de5d399aea193d73d57b6,2025-07-01T00:01:22.000Z,0,0,0,0,3645.2992,0,0,23.1754,0,23.1754
0xbf45588f05485f405032ea1f18eadc82fb55c7cc,2025-05-19T07:17:54.000Z,0,0,0.0096,0,48303.5376,0.0041,0,5393.7306,0,5393.7306
0xa9f05ac14b3f5ec52ce97dbf2e898a4951fd268d,2025-05-19T07:17:54.000Z,0,0,0.009,0,45026.5007,0.0039,0,5027.0703,0,5027.0703
0x695f1c5707855e67f58db6fe6b9ad507e4e85b96,2025-05-19T07:17:54.000Z,0,0,0.0054,0,27056.4368,0.0023,0,3020.7129,0,3020.7129
0x1755abb7a9326dd92bfc212de7a698dbc040cf7b,2025-07-14T00:01:37.000Z,0,0,0,0,1.7788,0,0,0.0092,0,0.0092
0x9468d75ed7e8e0a5f0d90369e36a54c3dbc0d7ba,2025-07-14T00:01:37.000Z,0,0,0,0,1580.453,0,0,8.1373,0,8.1373
0xd0ea237f5782373cf947bf74379325746eb48c80,2025-07-04T00:00:15.000Z,0,0,0,0,415.26,0,0,2.538,0,2.538
0x8dc658693a384fc057ff8389f0210089ccefa993,2025-07-14T00:01:37.000Z,0,0,0.0101,0,531075.7645,0.003,0,2553.0663,0,2553.0663
0xc9d218486a3a84cf3e7345bcf36fcede728e21d8,2025-05-17T17:30:25.000Z,0.0001,0,0.0001,0,761.6124,0.0001,0,140.9965,0,140.9965
0x47629c247f7c50ea15eae13f12d9ac7b775fb377,2025-05-17T17:30:25.000Z,0.0001,0,0.0002,0,842.5709,0.0001,0,155.6559,0,155.6559
0xf9f9359bef93c119ca283f1e0ff9796dfdc35e99,2025-07-14T00:01:37.000Z,0.0002,0,0.0054,0,317353.7717,0.0018,0,1561.4854,0,1561.4854
0x53b8f3c6bd176f8e7511c79a11960458cf640a30,2025-06-03T00:00:27.000Z,0,0,0.0013,0,9552.5224,0.0002,0,166.0078,0,166.0078
0xb328a1e281bcd22fd0a4e8a145afff99126730b1,2025-07-14T00:01:37.000Z,0.001,0,0.0015,0,198353.4352,0.0011,0,1039.1129,0,1039.1129
0x255a82db09fbf584d3656d80f7f18a67c34c500b,2025-07-14T00:01:37.000Z,0.0021,0,0.0035,0,449612.2565,0.0026,0,2356.5613,0,2356.5613
0xe8e56427edd6ebbb433322bca54066095d9dcae4,2025-07-14T00:01:37.000Z,0.0013,0,0.006,0,463382.5629,0.0026,0,2340.4663,0,2340.4663
0xd65458f73dd82495692ebfc460df98d0c63905f8,2025-07-14T00:01:37.000Z,0.0008,0,0.0053,0,367095.7653,0.0021,0,1834.7825,0,1834.7825
0x2e5bbfa7c6b2a7d8b5fbaceef0143af5552f8626,2025-07-14T00:01:37.000Z,0.0018,0,0.0068,0,583807.8806,0.0033,0,2973.537,0,2973.537
0x7f52c91a94d9be35456d0bde295dc0bcb9737004,2025-07-14T00:01:37.000Z,0.0004,0,0.0008,0,87916.3776,0.0005,0,457.6898,0,457.6898
0xcdcdf5da5fa0d3a49331cf574832ae3b4a947daa,2025-05-17T17:30:25.000Z,0.0007,0,0.0007,0,2483.0658,0.0007,0,997.5281,0,997.5281
0x32ba76789e50687620118fce0fee1eaaf22ad008,2025-05-17T17:30:25.000Z,0.0005,0,0.0005,0,1650.0672,0.0005,0,662.8855,0,662.8855
0xf1ec5ad36168cbfff01514fc1a7281bad7cdb902,2025-05-17T17:30:25.000Z,0.0005,0,0.0005,0,1651.5007,0.0005,0,663.4614,0,663.4614
0x71dee487b6db2ddaf00af17e39d52476c15ffce9,2025-05-17T17:30:25.000Z,0.0005,0,0.0005,0,1651.7557,0.0005,0,663.5639,0,663.5639
0xea7e090a19338e74ad37402914025a981c1ca416,2025-05-17T17:30:25.000Z,0.0002,0,0.0002,0,823.5891,0.0002,0,330.8625,0,330.8625
0xb42e9b0b363b06f8f7376f0d96384f7d89f2458c,2025-05-17T17:30:25.000Z,0.0002,0,0.0002,0,824.1578,0.0002,0,331.0909,0,331.0909
0x941ee37b03b20f963e858a1807b9ef89b0f7b20c,2025-06-02T00:01:00.000Z,0,0,0,0,225.0647,0,0,4.9481,0,4.9481
0xed52e156aa52453f944505aa51117e2eb82b0b09,2025-06-02T00:01:00.000Z,0,0,0,0,359.387,0,0,7.8993,0,7.8993
0xdf6c744db72064d66ae487d0f9ea1b7c683cc415,2025-06-02T00:01:00.000Z,0,0,0,0,359.6098,0,0,7.9042,0,7.9042
0x7b397a473162f6d23c03e436c500c3c050911236,2025-06-02T00:01:00.000Z,0,0,0,0,75.6698,0,0,1.6632,0,1.6632
0x3863bd6dca6aaaf995c28776fb1c31df5f4cb292,2025-06-02T00:01:00.000Z,0,0,0,0,3.2103,0,0,0.0707,0,0.0707
0xc95f4b081ea51a517f5ba1ab94dec5b08d1f4453,2025-06-02T00:01:00.000Z,0,0,0,0,354.4757,0,0,7.7942,0,7.7942
0x3730f0dae72100cf020f02fde7730b814a37e63e,2025-06-18T00:00:53.000Z,0.0018,0,0.0018,0,29913.7944,0.0005,0,454.4386,0,454.4386
0xd5c4e3467f896d80b17e2529c74a74e26f431714,2025-07-14T00:01:37.000Z,0.0002,0,0.0003,0,40593.9287,0.0002,0,219.5654,0,219.5654
0x5cc1d9df398eb8bbc06d22cfe2c6688a08c8f793,2025-07-14T00:01:37.000Z,0.0001,0,0.0001,0,12555.8719,0.0001,0,67.8924,0,67.8924
0xd154b612be86c1dc0ecad8fd49257136beb0e37a,2025-06-07T00:00:26.000Z,0,0,0.0062,0,60323.5961,0.0011,0,866.4384,0,866.4384
0x55995a74c3727a8078125a181f8eef6d2efdf703,2025-07-10T00:00:33.000Z,0,0,0.0002,0,4520.9857,0.0001,0,52.3984,0,52.3984
0x132687616d427134da64836fc703f3bf9b1cce20,2025-05-21T19:02:52.000Z,0.0019,0,0.0019,0,12803.9394,0.0019,0,2508.2561,0,2508.2561
0x6ca2224cc9e6159df64f62b6d878a8cf14cf092b,2025-07-14T00:01:37.000Z,0,0,0,0,1.2467,0,0,0.0067,0,0.0067
0x7c0e337f4de29e089b311a10fc5885fa1c59feb4,2025-07-14T00:01:37.000Z,0.0002,0,0.0003,0,42677.2825,0.0003,0,229.5094,0,229.5094
0xd48876e01a445394949b371a28adc1434a6f221b,2025-06-01T00:00:56.000Z,0.0002,0,0.0216,0,469289.5837,0.0141,0,11970.7867,0,11970.7867
0xfadda425465b8c768b6b78cb50a15b31ec8c4a81,2025-06-01T00:00:56.000Z,0.0004,0,0.0216,0,473834.9768,0.0142,0,12011.6304,0,12011.6304
0x0fdc2e54cf89c312ca75cf22828d7618a278e70b,2025-07-12T00:01:06.000Z,0,0,0,0,21.5353,0,0,0.1198,0,0.1198
0x6c995d98664811312f51bc29a9ce1d6534b92636,2025-06-09T00:00:38.000Z,0.0001,0,0.0001,0,5491.8156,0.0001,0,77.5808,0,77.5808
0xa9bcb91e82720d52aa5fdd166dec59be176339e5,2025-06-09T00:00:38.000Z,0,0,0.0001,0,2575.0637,0,0,36.3725,0,36.3725
0xb03ac47a0645ea1755c8cd22c25f1ed9e51be017,2025-07-14T00:01:37.000Z,0,0,0,0,2171.2307,0,0,11.6108,0,11.6108
0xb80cb799ff89a27c60ce27a528be46a5c7b572f7,2025-06-03T00:00:27.000Z,0,0,0.0012,0,9330.3161,0.0003,0,205.0266,0,205.0266
0xd0fb3b244bf5d1a3756e8428435d8235e44eb74d,2025-07-14T00:01:37.000Z,0.0005,0,0.0006,0,56635.5543,0.0003,0,324.412,0,324.412
0x2e04b153ebe0f492b5081849b1737b24e5655db1,2025-06-25T00:00:16.000Z,0.0003,0,0.0006,0,44184.9151,0.0004,0,362.2963,0,362.2963
0xdf418bb31e80d56bec91cb160dcf1af64dab4e81,2025-06-25T00:00:16.000Z,0,0,0.0004,0,29165.5506,0.0003,0,231.4047,0,231.4047
0xf09481993cc73336f36c4e6bdb228d494df7c8bd,2025-07-14T00:01:37.000Z,0.0002,0,0.0004,0,45877.1162,0.0003,0,256.3069,0,256.3069
0x56c32b6d7efb37846114375a2e09af45c6ecd7d9,2025-07-14T00:01:37.000Z,0.0003,0,0.0004,0,50642.636,0.0003,0,282.6855,0,282.6855
0x471b3900920d73101541426b5fb2e0a1606dfb86,2025-05-26T02:15:23.000Z,0.0001,0,0.0001,0,999.7728,0.0001,0,87.113,0,87.113
0xb5f8128a0d14370f47384433980ec9ffb06887dc,2025-05-26T02:15:23.000Z,0.0003,0,0.0004,0,3017.6946,0.0003,0,262.8579,0,262.8579
0xf36496fc692a13cf5c1110be17dfb08b7fe966e6,2025-07-14T00:01:37.000Z,0,0.0109,0,0.0137,1764044.642,0,0.0107,20.9668,0,20.9668
0x77fbfe78d461980ba158258f8bc0dced937727a8,2025-06-25T00:00:16.000Z,0,0,0,0,404.9677,0,0,3.3326,0,3.3326
0xd68193591d47740e51dfbc410da607a351b56586,2025-06-25T00:00:16.000Z,0,0,0,0,2343.0503,0,0,19.2819,0,19.2819
0x0d82cedd589ade04af219a65c8f22f6154924982,2025-06-25T00:00:16.000Z,0,0,0,0,1820.7712,0,0,14.9839,0,14.9839
0x82e1a7da50da8fe47243740f62a89855e4d12a96,2025-05-30T00:00:29.000Z,0.0002,0,0.0026,0,27312.6141,0.0015,0,1267.1632,0,1267.1632
0x5a7d0f0436f21f4888be0eedb7b8041c4dbc5106,2025-06-02T00:01:00.000Z,0.0003,0,0.0003,0,5767.9303,0.0003,0,254.6576,0,254.6576
0x0a45b2259f87a2247983310d937b42a029e916d9,2025-06-02T00:01:00.000Z,0.0003,0,0.0003,0,5368.1873,0.0003,0,237.1018,0,237.1018
0x30a78778413f5d9a871d5beebd0a93e77475e204,2025-07-10T00:00:33.000Z,0.0016,0,0.0019,0,43269.7055,0.0009,0,897.9605,0,897.9605
0xd32cbeb0acbee86670b5de60ab50596b667b4f69,2025-07-14T00:01:37.000Z,0,0,0,0,179.325,0,0,1.284,0,1.284
0x439824b9369b3eb6d7b214c7323b4c579823564d,2025-07-14T00:01:37.000Z,0.0001,0,0.0001,0,2411.5717,0,0,30.2765,0,30.2765
0x4060a67ca6dd56fde01cdd78e10a4d8aa5b5026a,2025-07-14T00:01:37.000Z,0,0,0,0,1.2205,0,0,0.0087,0,0.0087
0x4bdcad5e0533f19f81768990cca86bd2de2a879d,2025-06-09T00:00:38.000Z,0.0003,0,0.0003,0,4855.6732,0.0003,0,226.3368,0,226.3368
0xfe396c2dfe114017a1fb004ae917ef4b03ad7c16,2025-06-09T00:00:38.000Z,0.0002,0,0.0003,0,4756.2631,0.0003,0,221.6027,0,221.6027
0x888403a844512ccc61085dfc4fc8fcb9c58a0310,2025-07-14T00:01:37.000Z,0.0002,0,0.0003,0,28574.5079,0.0002,0,218.3163,0,218.3163
0x86eea1f24bc8ca9f8c86f7855354709db12cd0d0,2025-07-14T00:01:37.000Z,0.0002,0,0.0003,0,30145.1196,0.0002,0,230.3212,0,230.3212
0xb5a6a9c6d779e7dd7815f94ae2ccfb153a21801c,2025-07-14T00:01:37.000Z,0.0009,0,0.0038,0,144868.7729,0.0012,0,1097.8746,1097.4214,0.4531
0xff143090724667c50acb270105ee51c7715d9d9a,2025-06-21T00:00:21.000Z,0,0,0,0,136.0051,0,0,1.8657,0,1.8657
0x8d3a23816c18425db0f2ecbca1ccebb3d796d93b,2025-06-09T00:00:38.000Z,0.0005,0,0.0007,0,8247.5663,0.0006,0,484.9474,0,484.9474
0x84f031b37b71e78a44d78b3efde5c70f5b9b5d3f,2025-07-14T00:01:37.000Z,0.0001,0,0.0001,0,8312.221,0.0001,0,66.1493,0,66.1493
0x902287c141a546eca2298b74eb4c78d7e76f6694,2025-07-14T00:01:37.000Z,0.0159,0,0.0234,0,2118259.4898,0.0177,0,16974.1894,0,16974.1894
0x373c797bfce0620b97f83a2bf1bdabdf051875fa,2025-06-26T00:00:33.000Z,0.0008,0,0.1153,0,4789663.4203,0.0737,0,71847.652,0,71847.652
0xd78bbf586c094fe5731cfb02ccf4f916cd355928,2025-07-14T00:01:37.000Z,0.0091,0,0.0134,0,1212588.7702,0.0101,0,9717.4583,0,9717.4583
0xc511b7e638b7632d0295ebdb27d8f10968269b1c,2025-07-14T00:01:37.000Z,0.0065,0,0.0097,0,873439.935,0.0073,0,6999.686,0,6999.686
0x35445c0b07c752b68e27e64371d544fb90a3a5b9,2025-07-14T00:01:37.000Z,0.0021,0,0.0031,0,283976.9088,0.0024,0,2275.5175,0,2275.5175
0xe37a7c8a3be2650250bcc1a27f5e15d625db2a9d,2025-07-14T00:01:37.000Z,0,0,0,0,1025.9659,0,0,8.0274,0,8.0274
0xc84d6255135ff58e90c92a02bf4cb0b3bd6838ca,2025-07-14T00:01:37.000Z,0.0001,0,0.0003,0,18319.8134,0.0002,0,144.2874,0,144.2874
0x53f6b80f08d5a5c14a4b96af93e8cae8f3f5e169,2025-07-14T00:01:37.000Z,0.0018,0,0.0027,0,244936.1709,0.002,0,1962.9104,0,1962.9104
0x6b8e18ff6243f8c4e24744cb5cf7f17a77682286,2025-07-14T00:01:37.000Z,0.0012,0,0.0018,0,162612.7557,0.0014,0,1303.0337,0,1303.0337
0xc083492815a9e9094bd168ac4332e6b7282cc609,2025-07-14T00:01:37.000Z,0,0,0.0006,0,44149.1648,0.0004,0,347.7894,0,347.7894
0x5d1fba7882b4914087aea579b7deaa92402d3d45,2025-07-14T00:01:37.000Z,0.0005,0,0.0007,0,63313.582,0.0005,0,507.3707,0,507.3707
0xc171f883d3697b96e24a9c2ac0baa4d2af85268e,2025-07-14T00:01:37.000Z,0.0051,0,0.0075,0,653314.2695,0.0054,0,5220.0144,0,5220.0144
0x48a1a9fbf23d453e0e3028c16ed0dd39ef06b3a1,2025-07-14T00:01:37.000Z,0.0001,0,0.0002,0,15589.3829,0.0001,0,124.9011,0,124.9011
0xd7d2669525fb36f2b57169aa1d047032a260ce4b,2025-07-14T00:01:37.000Z,0.0007,0,0.0011,0,95226.6128,0.0008,0,762.5428,0,762.5428
0x5839bd9ce72925845b51be66bd07f322be95f104,2025-07-14T00:01:37.000Z,0.005,0,0.0074,0,650574.2888,0.0054,0,5197.7173,0,5197.7173
0x0f60b14e97fe8a9070ac7c526eb4d0d7b5579a5b,2025-07-14T00:01:37.000Z,0.0256,0,0.0378,0,2986064.073,0.0249,0,23988.4932,0,23988.4932
0x69a85121d0d845135c0553e71f11436c8114c45b,2025-07-14T00:01:37.000Z,0.0257,0,0.0382,0,3069596.6839,0.0256,0,24663.5275,0,24663.5275
0xa5c0ba72c55b3f407c8518ac7dfb007c2d2d2773,2025-06-09T00:00:38.000Z,0.0005,0,0.0007,0,6034.96,0.0006,0,494.8919,0,494.8919
0x68cb5c8bda3de57930cadad5c16dbb2b1629cc13,2025-06-09T00:00:38.000Z,0.0003,0,0.0004,0,2986.7452,0.0003,0,244.9207,0,244.9207
0xb489c6f8b60e68a8e398ae4593f8d45304d3eff6,2025-06-09T00:00:38.000Z,0.0003,0,0.0004,0,2986.3542,0.0003,0,244.8935,0,244.8935
0xba02c2ace76ca97b8771d93762faee5923227977,2025-06-09T00:00:38.000Z,0.0003,0,0.0004,0,3010.4376,0.0003,0,246.8156,0,246.8156
0x6f5faa3de37e367279461cdd03e89086c1b0b752,2025-06-09T00:00:38.000Z,0,0,0,0,29.7549,0,0,2.4489,0,2.4489
0x680f1f3e5452243ed8224b39e287f44f42904bbf,2025-06-11T00:00:09.000Z,0,0,0,0,0.0944,0,0,0.0048,0,0.0048
0x525f52387a8c92cd3f37e8771f1a1439587026d5,2025-07-14T00:01:37.000Z,0.0025,0,0.0026,0,142703.5904,0.0012,0,1181.5192,1.3226,1180.1966
0x892511bacb61ee28b697d8d94dcfa4b86f21ed0b,2025-06-08T00:00:37.000Z,0,0,0,0,25.5508,0,0,3.0432,0,3.0432
0x61ae7baec1b35a04e6aaef85f1d8b1659ad1fa6c,2025-06-11T00:00:09.000Z,0,0,0,0,0.0649,0,0,0.0044,0,0.0044
0x61efc678b985fd4c92bbc4e9e184d771812c7418,2025-06-08T00:00:37.000Z,0,0,0,0,33.8534,0,0,9.066,0,9.066
0x19a381f356fa48020bd4f06a161512efa8a7ecec,2025-06-08T00:00:37.000Z,0,0,0,0,43.0593,0,0,11.5314,0,11.5314
0xe12033539e7fee1acc772e9393e64810dc35bafb,2025-06-21T00:00:21.000Z,0.0001,0,0.0001,0,3005.8709,0.0001,0,69.1169,0,69.1169
0xacd8eeb5e14d59c2f6564c215cb5f310f31e845c,2025-07-14T00:01:37.000Z,0.0045,0,0.0067,0,585450.4466,0.0052,0,4979.4367,0,4979.4367
0x66e17aaed30566155dd3bf8bfaef966cd7055f6b,2025-06-30T00:01:04.000Z,0,0,0.0153,0,633839.2171,0.0093,0,9064.536,0,9064.536
0xbdbce29d6dec1a47ac2e9a7e517fa90bdb4f2af2,2025-06-30T00:01:04.000Z,0,0,0.0009,0,33352.158,0.0005,0,476.2728,0,476.2728
0xb8d5c93cf21aa84a1d1eae3ee2aa4d7f86df3203,2025-07-14T00:01:37.000Z,0,0,0,0,0.1134,0,0,0.001,0,0.001
0xc68f522a48ee16afa75337602538cf9f90c71bb4,2025-07-14T00:01:37.000Z,0,0,0,0,729.6132,0,0,7.5612,0,7.5612
0x718e62d9a75ad6d8b381da5cc37c5c7c34cb9f7b,2025-07-04T00:00:15.000Z,0,0,0,0,0.6571,0,0,0.0085,0,0.0085
0x20eb5f8af5035d8b4b8140f66db6053b80ed13f2,2025-07-14T00:01:37.000Z,0,0,0,0,0.3139,0,0,0.0038,0,0.0038
0x69d9954449c8d10f2eab81634d3d132f84139da7,2025-07-14T00:01:37.000Z,0,0,0,0,0.631,0,0,0.0077,0,0.0077
0x491eb6c6761b72d9554e2af0afc123f03a78ec8d,2025-07-14T00:01:37.000Z,0,0,0.0001,0,3422.2179,0,0,40.7295,0,40.7295
0xf4e94fea178edec98535d690f3d9458782f77df7,2025-07-14T00:01:37.000Z,0,0,0,0,2049.3409,0,0,24.7637,0,24.7637
0xf9f3508143d2359f58674071a4c571c9eea94c66,2025-07-14T00:01:37.000Z,0,0,0,0,0.2236,0,0,0.0028,0,0.0028
0xaedc4208e46cd7d427232f5040ae072b54fcabf9,2025-07-14T00:01:37.000Z,0,0,0,0,0.3216,0,0,0.0041,0,0.0041
0x7894f5d5def99af3cab23a28e548b69c74c7775b,2025-07-14T00:01:37.000Z,0,0,0,0,0.3429,0,0,0.0043,0,0.0043
0x180853c3a042057130914040a84325c7e0d1491f,2025-07-14T00:01:37.000Z,0.0001,0,0.0001,0,8168.2444,0.0001,0,103.385,0,103.385
0x25602a2814bc6e164a88fd66a70929d51111ea1d,2025-07-14T00:01:37.000Z,0,0,0,0,2826.6411,0,0,36.031,0,36.031
0xf62c3e0499b4f4a82f374e54038dce6c64158bd3,2025-07-14T00:01:37.000Z,0,0,0,0,1972.2478,0,0,24.9236,0,24.9236
0xab07c88e2aab4bffe8bfae10043ba2bbdd82a809,2025-06-30T00:01:04.000Z,0,0,0,0,47.8853,0,0,1.3658,0,1.3658
0x8266b1c6303f2fe091d56ad41df2c8fd4dd2c9c6,2025-07-14T00:01:37.000Z,0.0001,0,0.0001,0,2120.1893,0,0,29.7805,3.3206,26.4599
0x1709f369311f1e9bcd66542a6144b7a42de3cd77,2025-06-24T00:00:19.000Z,0,0,0,0,45.7321,0,0,4.0754,0,4.0754
0xeb31c98c9d320ca0a0b360d1ae6c214dbbbe5b4c,2025-07-14T00:01:37.000Z,0.0002,0,0.0003,0,17476.9102,0.0002,0,235.9158,0,235.9158
0x2d85d602b08ae965394e74694c50d2092db6ddba,2025-06-24T00:00:19.000Z,0,0,0,0,0.0269,0,0,0.0087,0,0.0087
0x3cc14f9a83dc12c02f8aa2704d4730aab16cbe7a,2025-06-26T00:00:33.000Z,0,0,0,0,0.5967,0,0,0.0636,0,0.0636
0x5827cbde67628ff4efe2b58ffcf89494afc4f4a0,2025-07-14T00:01:37.000Z,0,0,0,0,0.0489,0,0,0.001,0,0.001
0xde7ff955496a89ffed639f833dd3e3c2f4170969,2025-07-14T00:01:37.000Z,0.0005,0,0.0007,0,25772.4811,0.0005,0,502.4485,0,502.4485
0xe1cb0bb9cf55a01f9d03b2db5b4eab6f3932dc67,2025-07-14T00:01:37.000Z,0,0,0,0,0.2692,0,0,0.0069,0,0.0069
0x43e0bac6ed21981863c4913689d3cdc01dfa7a57,2025-07-14T00:01:37.000Z,0.0541,0,0.0771,0,2559994.4691,0.0668,0,65871.4006,0,65871.4006
0x452d7af8d17d0d1fc81569c6408336ae2dc20ef4,2025-07-14T00:01:37.000Z,0,0,0,0,10.5219,0,0,0.2946,0,0.2946
0x2fc96c4e7818dbdc3d72a463f47f0e1ceea0a2d0,2025-07-14T00:01:37.000Z,0,0,0,0,93.0438,0,0,2.5671,1.5705,0.9966
0xace8afaedb083b83305df9d10f3066f268e7acef,2025-07-14T00:01:37.000Z,0,0,0,0,0.0348,0,0,0.0011,0,0.0011
0xb5f25b7a58a6713ea353ab1347ee539f303429f7,2025-07-10T00:00:33.000Z,0,0,0,0,0.0106,0,0,0.0005,0,0.0005
0x2d50d6c90fa7531d91e4fa3ea3216ef1fae6a6d5,2025-07-14T00:01:37.000Z,0,0,0,0,0.14,0,0,0.0042,0,0.0042
0xefea09cd78115b2a727a66047137d9f2ffd28fa1,2025-07-14T00:01:37.000Z,0.0162,0,0.0207,0,628539.945,0.0189,0,18977.4561,0,18977.4561
0xf71925531c29d490a1287f88346cb363af95dc89,2025-07-14T00:01:37.000Z,0.0011,0,0.0013,0,38795.8633,0.0012,0,1171.5316,0,1171.5316
0x42a266b33a7e635711c2e712d800b81f43fbd78f,2025-07-14T00:01:37.000Z,0.0002,0,0.0002,0,6595.7713,0.0002,0,199.1021,0,199.1021
0x37065fb099b55d4fdcd59e88ab71776a3ea3ae3d,2025-07-14T00:01:37.000Z,0,0,0,0,0.0947,0,0,0.0032,0,0.0032
0x178937fcaa9026be3c2e04a8a3dfff2a94e9bd96,2025-07-14T00:01:37.000Z,0.0099,0,0.0112,0,308035.7088,0.0103,0,10447.1154,0,10447.1154
0x246c0102e48c0bc00b85683ec766777f7e41fcb6,2025-07-14T00:01:37.000Z,0,0,0,0,0.2362,0,0,0.0081,0,0.0081
0x46673f19da361ba6d6f2852d9786c1ffd8ac453f,2025-07-14T00:01:37.000Z,0,0,0,0,0.2086,0,0,0.0071,0,0.0071
0xfd484f5302be6d893f029aefbcfb9312ae306a28,2025-07-14T00:01:37.000Z,0,0,0,0,39.6026,0,0,1.3506,0,1.3506
0x9267bdd1b09dfcc450213955b4a40eb4e10cf13a,2025-07-14T00:01:37.000Z,0,0,0,0,35.1846,0,0,1.1933,0,1.1933
0xd441c55e7c05a90294e4fe68a1ca6c19a8b76938,2025-07-14T00:01:37.000Z,0,0,0,0,0.2566,0,0,0.0099,0,0.0099
0x5e4f4a774f0738dd893b81544c7808e4d197f4b5,2025-07-07T00:01:40.000Z,0,0,0,0,2.6401,0,0,0.4958,0,0.4958
0xcf989b69aba2ede83fa11baf9bfc3a426a1326ce,2025-07-14T00:01:37.000Z,0.0163,0,0.0168,0,312374.1348,0.0144,0,15440.6257,9269.1329,6171.4928
0x82ff4c755ba8252297a245f1bb2b33136ced48ff,2025-07-14T00:01:37.000Z,0,0,0,0,160.7668,0,0,7.7459,0,7.7459
0xbe8d95497e53ab41d5a45cc8def90d0e59b49f99,2025-07-14T00:01:37.000Z,0,0,0,0,122.0282,0,0,6.0314,0,6.0314
0xf17d5d8a48d128b8777c159684f3c63ee441511d,2025-07-14T00:01:37.000Z,0.0004,0,0.0006,0,8779.8328,0.0004,0,422.7574,0,422.7574
0xdf99b89934f697f295fdf132ec5174656bc088bd,2025-07-14T00:01:37.000Z,0,0,0,0,17.8988,0,0,0.8805,0,0.8805
0x18fdbc7855ddeadf068e175b00eaa81d7c46ce03,2025-07-14T00:01:37.000Z,0,0,0,0,4.8867,0,0,0.2404,0,0.2404
0xbdaaf1def99b334561daf611787eada6b0094ac9,2025-07-14T00:01:37.000Z,0,0,0,0,8.0743,0,0,0.3918,0,0.3918
0xbb992ae678291ec815664b37f908c97722bb2c55,2025-07-14T00:01:37.000Z,0,0,0,0,9.4351,0,0,0.4598,0,0.4598
0xa1c72ad086f69ef5ef770e6a5c389ac3c15e83f8,2025-07-14T00:01:37.000Z,0,0,0,0,0.0874,0,0,0.0042,0,0.0042
0x67c9b8d39f5396ae9284d3a443108b9342f6f29c,2025-07-14T00:01:37.000Z,0,0,0,0,0.169,0,0,0.0099,0,0.0099
0x4b41521d9408385bb10259513012ef9af8e5f7ec,2025-07-14T00:01:37.000Z,0.0462,0,0.0476,0,866163.5604,0.0472,0,50725.6282,0,50725.6282
0x9813f40ed8a878d1b56f9d8512093277713c5a26,2025-07-14T00:01:37.000Z,0.0004,0,0.0004,0,6978.1905,0.0004,0,408.6677,0,408.6677
0xf6d8f05c3bc4c50911a5feaf0380302a2c9f8f49,2025-07-14T00:01:37.000Z,0.0004,0,0.0004,0,7047.8213,0.0004,0,412.7456,0,412.7456
0x89f49efece600b579a40cf425583693ddfe3b0ca,2025-07-14T00:01:37.000Z,0.0003,0,0.0003,0,5723.3845,0.0003,0,335.1818,0,335.1818
0x95f5767f410836aa080cb0f7d5f10d1132707565,2025-07-14T00:01:37.000Z,0.0003,0,0.0003,0,5793.7689,0.0003,0,339.3038,0,339.3038
0xb012d70e21ad2f55b6d5af4717a45d0a6819344b,2025-07-14T00:01:37.000Z,0.0003,0,0.0003,0,5723.3845,0.0003,0,335.1818,0,335.1818
0x11c1d7795a58194e20f9967a09349a6438d0cf14,2025-07-14T00:01:37.000Z,0.0003,0,0.0003,0,5793.5706,0.0003,0,339.2922,0,339.2922
0xfd98f683f06cd02ab638f992c03c472623875281,2025-07-14T00:01:37.000Z,0.0003,0,0.0003,0,5710.8424,0.0003,0,334.4473,0,334.4473
0xc19a145de97225d0127e07ef131ddecaf9f75b53,2025-07-14T00:01:37.000Z,0.0003,0,0.0003,0,5808.2683,0.0003,0,340.1529,0,340.1529
0xc7d0f6124fd28805cc8d2664ca298e88106d768e,2025-07-14T00:01:37.000Z,0.0003,0,0.0003,0,5734.3606,0.0003,0,335.8246,0,335.8246
0xad10633e5ab2ead7562025fb37bea0d55c6f4b0b,2025-07-14T00:01:37.000Z,0.0003,0,0.0003,0,5805.4601,0.0003,0,339.9885,0,339.9885
0xe1d284b0f961e7c462758a1353d9e2d04179c169,2025-07-14T00:01:37.000Z,0.0003,0,0.0003,0,5745.3393,0.0003,0,336.4676,0,336.4676
0x5e4053e51e66080667755ab1e79ec173729e196f,2025-07-14T00:01:37.000Z,0.0003,0,0.0003,0,5816.2324,0.0003,0,340.6193,0,340.6193
0x4ce5e80b53a4fd53de1827a2bd979c3f8d3a7c02,2025-07-14T00:01:37.000Z,0.0003,0,0.0003,0,5805.4601,0.0003,0,339.9885,0,339.9885
0xbd395ce6b78e58448ac3e02624b112e3dd8ba5e9,2025-07-14T00:01:37.000Z,0.0003,0,0.0003,0,5734.8883,0.0003,0,335.8555,0,335.8555
0xc71cb2e557908facca6b6f4e39a6af958f4f7afe,2025-07-14T00:01:37.000Z,0.0003,0,0.0003,0,5805.2613,0.0003,0,339.9768,0,339.9768
0x97b16e61ebf9466127d830aed6e01488135a5bf8,2025-07-14T00:01:37.000Z,0.0003,0,0.0003,0,5734.8883,0.0003,0,335.8555,0,335.8555
0xc9976c15ec1e39105ffb84f351c04e225d0412bd,2025-07-14T00:01:37.000Z,0.0003,0,0.0003,0,5805.2613,0.0003,0,339.9768,0,339.9768
0x6d94864aea2897cbf20b09ce72294c765c9d7a64,2025-07-14T00:01:37.000Z,0.0003,0,0.0003,0,5735.0785,0.0003,0,335.8667,0,335.8667
0xd1f88d54ed5a810db8a3c35dcbe7ebfbbbfdb41f,2025-07-14T00:01:37.000Z,0.0003,0,0.0003,0,5806.7505,0.0003,0,340.064,0,340.064
0xd5ad624caf2c85ee49adc07baff44ab83e347a04,2025-07-14T00:01:37.000Z,0.0003,0,0.0003,0,5736.3594,0.0003,0,335.9417,0,335.9417
0x8317ef56f1d29f2a2e897a0b1f2230c8af5192e3,2025-07-14T00:01:37.000Z,0.0003,0,0.0003,0,5817.2849,0.0003,0,340.681,0,340.681
0x499bac57551d118b6fef142e09daa6977d903f01,2025-07-14T00:01:37.000Z,0.0003,0,0.0003,0,5723.8156,0.0003,0,335.2071,0,335.2071
0x25b3d7731d9bf99e43b58b05965c814fef729eea,2025-07-14T00:01:37.000Z,0.0003,0,0.0003,0,5794.5626,0.0003,0,339.3503,0,339.3503
0x5a1d779346e7ebb8f07e72cab3b8eb855f6788e3,2025-07-14T00:01:37.000Z,0.0003,0,0.0003,0,5748.4672,0.0003,0,336.6507,0,336.6507
0x82ad6103d4e1f19c59355ed16f03ad6976153472,2025-07-14T00:01:37.000Z,0.0003,0,0.0003,0,5794.3719,0.0003,0,339.3391,0,339.3391
0x604a4d75513c994e5ac3687360a158ad80cf4345,2025-07-14T00:01:37.000Z,0.0003,0,0.0003,0,5748.2964,0.0003,0,336.6407,0,336.6407
0x846366fff008ea11db3d9ac77a578439decbd6c6,2025-07-14T00:01:37.000Z,0.0003,0,0.0003,0,5794.3857,0.0003,0,339.3399,0,339.3399
0xcbb92b1a9fcfdb3e2ddf7ae65c924268acad9cb2,2025-07-14T00:01:37.000Z,0.0003,0,0.0003,0,5748.2932,0.0003,0,336.6406,0,336.6406
0x3acd1ff69eae0a674d4ea69abe0b356e32e588bc,2025-07-14T00:01:37.000Z,0.0003,0,0.0003,0,5817.4978,0.0003,0,340.6934,0,340.6934
0x7f8dd2a40c21bce2589a6062941a703c15705888,2025-07-14T00:01:37.000Z,0.0003,0,0.0003,0,5723.8156,0.0003,0,335.2071,0,335.2071
0x7c9f4120a21c572dab78f0f75b705bccf14a4e85,2025-07-14T00:01:37.000Z,0.0001,0,0.0001,0,1706.3418,0.0001,0,99.9295,0,99.9295
0xae3f2f2b1e4f5fcb47df49f0aaa1cb81fb9e4318,2025-07-14T00:01:37.000Z,0,0,0,0,22.7723,0,0,1.3336,0,1.3336
0xb9096a9c9f6e0d5a3d74c25c8b2fde5b3363e09a,2025-07-14T00:01:37.000Z,0,0,0,0,22.7723,0,0,1.3336,0,1.3336
0xc22fd4707811fd60349e834f8a87d63367c9928d,2025-07-14T00:01:37.000Z,0,0,0,0,22.7723,0,0,1.3336,0,1.3336
0x0b802929df4073e72dc058c44d507a5e43bc3327,2025-07-14T00:01:37.000Z,0,0,0,0,22.7737,0,0,1.3337,0,1.3337
0xd8503f02c39a8055cf76f0402146a3e9aec20d05,2025-07-14T00:01:37.000Z,0,0,0,0,22.7737,0,0,1.3337,0,1.3337
0x24dd58e76bddc3548eaf1b608bd05840fd05552d,2025-07-14T00:01:37.000Z,0,0,0,0,22.7737,0,0,1.3337,0,1.3337
0xba6b046dc5e2c4c0a39a89b27ca028aa3eb7b7d1,2025-07-14T00:01:37.000Z,0,0,0,0,22.7737,0,0,1.3337,0,1.3337
0x13ee3b117907a6cef02f451014866649bfbb0cc8,2025-07-14T00:01:37.000Z,0,0,0,0,22.7737,0,0,1.3337,0,1.3337
0x32aa0f98076ced758a4c2f35a4235533245e59ee,2025-07-14T00:01:37.000Z,0,0,0,0,22.7966,0,0,1.335,0,1.335
0x77331246a55535a41e92184e3f72a16575215f36,2025-07-14T00:01:37.000Z,0,0,0,0,22.7966,0,0,1.335,0,1.335
0x7739b79e6547a0ef20e13091f02935479d5ac0ae,2025-07-14T00:01:37.000Z,0,0,0,0,22.786,0,0,1.3344,0,1.3344
0x17cef2e8f8bbc6cc104051741cb9c9e9624c16b2,2025-07-14T00:01:37.000Z,0,0,0,0,22.7966,0,0,1.335,0,1.335
0x3b74d43e033bc3aafa159f12e52ec4374e40b990,2025-07-14T00:01:37.000Z,0,0,0,0,22.7966,0,0,1.335,0,1.335
0x971cca84810e4012972f97fb5837a0699984cfed,2025-07-14T00:01:37.000Z,0,0,0,0,22.7966,0,0,1.335,0,1.335
0x52b1b9c14834416804d33af1df4d142761d1fa47,2025-07-12T00:01:06.000Z,0,0,0,0,0.0606,0,0,0.0056,0,0.0056
0x66003b0fa59aad32cefc18f270c6a964eebd6f35,2025-07-12T00:01:06.000Z,0.0004,0,0.0004,0,4320.3519,0.0004,0,396.0654,0,396.0654
0xb10c2ba002256526d68790f97b50080734f062b4,2025-07-12T00:01:06.000Z,0,0,0,0,0.053,0,0,0.0068,0,0.0068
0xd1beafebb9fbe122a08d9ef4895e6b003f113591,2025-07-12T00:01:06.000Z,0.0006,0,0.0006,0,5033.9258,0.0006,0,645.6588,0,645.6588
0x06a7f722e694fd7231c6ea54f13f31bc5dddef07,2025-07-14T00:01:37.000Z,0,0,0,0,1.2397,0,0,0.0999,0,0.0999
0xc1b98dd55257ed6c229a701cd471b82cc7e7818f,2025-07-14T00:01:37.000Z,0,0,0,0,0.0278,0,0,0.0045,0,0.0045
0x8add7c46bdd7ad15a6dfa77643419ae09633c2c5,2025-07-14T00:01:37.000Z,0,0,0,0,55.4401,0,0,8.9891,0,8.9891