address,chain_id,latest_timestamp,latest_share_of_holding,latest_share_of_holding_poh,max_share_of_holding,max_share_of_holding_poh,total_seer_tokens,avg_share_of_holding,avg_share_of_holding_poh,avg_total_holding,avg_indirect_holding,avg_direct_holding
0x9eb6d10f75b364662313ee3099173dc3ac4048c9,100,2025-07-14T00:01:37.000Z,0.0093,0,0.7468,0,6797814.8461,0.0139,0,7739.5752,1682.2915,6057.2837
0xf739646dadc1e75bd4090ab98ae895c5327300dc,100,2024-11-21T22:26:00.000Z,0,0,0.1822,0,303974.0964,0.014,0,6.967,0,6.967
0x7ba8868efcc2f04bf9d1a9445d7843d7ae5dd1b4,100,2025-07-14T00:01:37.000Z,0,0,0.0535,0,96126.3021,0.0002,0,9.5306,0,9.5306
0xe2067b8f36d8c54d32521646d6d6c3833d5fe7cd,100,2025-05-04T12:23:19.000Z,0,0,0.0174,0,29220.5619,0.0001,0,0.3321,0,0.3321
0xefb8e220f012241a00f5dae4a5b2c473a742a63a,100,2025-07-14T00:01:37.000Z,0,0,0.0003,0,10779.2152,0,0,14.9515,3.104,11.8475
0xd6a2a456b48836f38ace550c59c421ca24f1681a,100,2025-07-14T00:01:37.000Z,0.0003,0,0.0004,0,77219.5266,0.0002,0,142.5582,1.5519,141.0063
0xeb77a109a1adb1835f6f52a5da8055448e65b1e5,100,2025-07-14T00:01:37.000Z,0,0,0,0,688.2373,0,0,0.9175,0,0.9175
0x56cf0ff00fd6cfb23ce964c6338b228b0fa76640,100,2025-07-14T00:01:37.000Z,0.6447,0,0.7427,0,314418414.108,0.6439,0,478417.1202,190125.8526,288291.2677
0x06805c26bc4d33e6c5492a3271edf8c8f115e102,100,2025-07-14T00:01:37.000Z,0,0,0,0,0.4021,0,0,0.0005,0,0.0005
0x187e0966046da5b110fdc986c9b94bd8416837af,100,2025-07-14T00:01:37.000Z,0.0001,0,0.0002,0,58284.4993,0.0001,0,86.221,0,86.221
0x617512fa7d3fd26bda51b9ac8c23b04a48d625f1,100,2025-07-14T00:01:37.000Z,0,0,0,0,60.2445,0,0,0.0871,0,0.0871
0x892bef8fe252b1678cdb581822727c2d4537826b,100,2025-07-14T00:01:37.000Z,0,0,0,0,61.2447,0,0,0.0848,0,0.0848
0xcaf9ade1fddf1b31d490a4629ada638d104e9543,100,2025-07-14T00:01:37.000Z,0,0,0,0,0.7977,0,0,0.0011,0,0.0011
0x7b2e78d4dfaaba045a167a70da285e30e8fca196,100,2025-07-14T00:01:37.000Z,0.0032,0,0.1105,0,4574697.6348,0.0094,0,6411.8236,38.6867,6373.1369
0xab06ff77044db8a5a48f1b49833d87abfaebad09,100,2025-07-14T00:01:37.000Z,0,0,0,0,12201.2863,0,0,17.2348,0,17.2348
0x1cb3a5bd0ea5af39443a822ed34afc8ccb6a901c,100,2025-01-13T23:17:12.000Z,0,0,0,0,1282.3251,0,0,6.2055,0,6.2055
0x2ff064d951996c9fe70d6ba22d8684f37b2e24ec,100,2025-07-14T00:01:37.000Z,0.053,0,0.2471,0,32472155.8563,0.0665,0,46012.663,3243.6954,42768.9677
0x09f0d730696899de00988166aba081bd3aba3e72,100,2025-07-14T00:01:37.000Z,0.0006,0.2378,0.0019,0.4068,127047396.4925,0.0008,0.2594,533.3909,524.9781,8.4128
0x55122fdca4ba43294677d96c12ce76dabc459a2b,100,2025-07-14T00:01:37.000Z,0.0001,0,0.0003,0,64968.4006,0.0001,0,90.9739,87.075,3.8989
0x85c6737ada32ed46066f45d28a612b7647c66410,100,2025-07-14T00:01:37.000Z,0,0.0605,0.0016,0.2582,38063814.2622,0.0001,0.0781,47.1272,0,47.1272
0xef364e390ff3f326e3153d0b9c4b944db42155e5,100,2025-07-14T00:01:37.000Z,0.0005,0,0.0012,0,305506.33,0.0006,0,448.7058,0,448.7058
0xe7f13052fe2ba7d038dac18de5e730542e3979bc,100,2025-07-14T00:01:37.000Z,0.0002,0.1403,0.0009,0.2608,60190994.3232,0.0002,0.1231,151.9533,11.0077,140.9456
0xda02dfb7fe45a1f8f98f2783c3b837a65d40af01,100,2025-07-14T00:01:37.000Z,0,0,0,0,168.5112,0,0,0.2359,0,0.2359
0x770569f85346b971114e11e4bb5f7ac776673469,100,2025-07-14T00:01:37.000Z,0,0,0.0001,0,15315.5921,0,0,18.8398,0,18.8398
0x04a9edd12ed304efb5e5fe83109a65e8e84799c3,100,2025-07-14T00:01:37.000Z,0.0795,0,0.0845,0,14910673.1424,0.0305,0,31081.8686,28525.4152,2556.4534
0x33a0b5d7da5314594d2c163d448030b9f1cadcb2,100,2025-07-14T00:01:37.000Z,0,0,0,0,1795.8386,0,0,2.4798,0,2.4798
0x5c16873795d083fab71d4cbf5b073d22cf38f659,100,2025-07-14T00:01:37.000Z,0.0002,0.136,0.0045,0.606,55505902.7334,0.0003,0.1134,175.9301,0,175.9301
0x6687c671980e65ebd722b9146fc61e2471558dd6,100,2025-07-14T00:01:37.000Z,0.0001,0.0983,0.0005,0.2347,54887033.0685,0.0001,0.1123,93.5038,10.3939,83.1098
0xd14eb612c81e87c7861b458914ed78a1dc1ab3cf,100,2024-11-10T19:53:26.000Z,0.0001,0.0624,0.0001,0.0624,208195.2434,0.0001,0.0624,15.4134,0,15.4134
0xabddc883e535689ba6eb719fabd4efb42bc0b35a,100,2025-07-14T00:01:37.000Z,0,0,0,0,98.2134,0,0,0.2523,0,0.2523
0x6428178a1324896bd8ea897565d909945da33ee9,100,2025-07-14T00:01:37.000Z,0,0,0.0001,0,16109.9889,0,0,21.0576,0,21.0576
0xd97beffdf558b269257feba5df111ab718b71e24,100,2024-12-14T01:47:08.000Z,0,0,0,0,742.4229,0,0,6.5806,0,6.5806
0x5dce0b2f2bc6a806ad1ee43bcee0edd86877025c,100,2024-11-15T00:24:20.000Z,0,0,0,0,81.3501,0,0,3.3949,0,3.3949
0x7f162a87531a78ce2ca962a5d3dc82d2e0d22f96,100,2025-07-14T00:01:37.000Z,0,0,0,0,1262.6328,0,0,1.8474,0,1.8474
0x989d0901ab8ed1032987a7706b58a881589fccea,100,2025-07-14T00:01:37.000Z,0,0,0,0,9231.3988,0,0,11.136,0,11.136
0x4edca105188a0783ab3a6f09c50567d1e3f8591d,100,2025-07-14T00:01:37.000Z,0,0,0.0001,0,11727.1029,0,0,15.9321,0,15.9321
0x1f5fae0615ee87196f229ea19d726d58846bdc0e,100,2025-07-14T00:01:37.000Z,0,0,0,0,7438.6045,0,0,10.2527,0,10.2527
0x5987b20bd89a829099a72653fd9c8d72a36775ba,100,2024-11-10T05:38:45.000Z,0,0,0,0,49.2724,0,0,10.1102,0,10.1102
0xe082bda07536420401187ba7225ff5f56c30998b,100,2025-07-14T00:01:37.000Z,0.0006,0,0.0011,0,296601.8257,0.0006,0,414.6854,175.4498,239.2357
0x5e7b645d5bf86750cb1913122ba8a8545e2a9fd1,100,2025-07-14T00:01:37.000Z,0,0,0.0006,0,97669.236,0.0002,0,173.9575,0,173.9575
0x5d4adb6eca975bab50d2490ccdfe5d9cd1bf4882,100,2025-07-14T00:01:37.000Z,0,0,0,0,5436.4583,0,0,7.0354,0.7481,6.2872
0x4735cb9fe8e3ee6d5f34f277af0fcb6442aa1894,100,2025-05-04T12:23:19.000Z,0.0002,0,0.0002,0,40899.6612,0.0001,0,76.2781,0,76.2781
0x0e22e2cf9d80593947a340ca4248c7901c2cb9cb,100,2025-05-04T12:23:19.000Z,0.0001,0,0.0002,0,28181.7805,0.0001,0,52.4653,0,52.4653
0x4d6caa3e0983fac7b514d60339ebb538c5a85aae,100,2025-07-14T00:01:37.000Z,0,0,0,0,6837.3775,0,0,9.4252,0,9.4252
0xffa348ad78619bdfe461bb5d2c4c939197b09921,100,2025-07-14T00:01:37.000Z,0,0,0,0,2665.4544,0,0,3.7282,0,3.7282
0x25124024390ac79659ed699b087a3e748686df7b,100,2025-07-14T00:01:37.000Z,0,0,0,0,7438.6045,0,0,10.2527,0,10.2527
0x7765a81e13822f1bbcfd0aeedd6765f805a084b2,100,2025-07-14T00:01:37.000Z,0,0,0,0,5397.0188,0,0,7.5841,0,7.5841
0x70b0e653e50eff0109ba6b3b3d4f15453e49d311,100,2025-07-14T00:01:37.000Z,0,0,0,0,5059.8337,0,0,7.0906,0,7.0906
0xd27cd4e2c3f168dbf9b4cfcd82664480973151e9,100,2025-07-14T00:01:37.000Z,0,0,0,0,5268.7079,0,0,7.1577,0,7.1577
0xebfd6bc03cfabd6a97c4b0fe5ac3dc0f933e39a2,100,2025-07-14T00:01:37.000Z,0,0,0,0,4290.6343,0,0,6.0406,0,6.0406
0x6fdb1e4206d119555c3ac61ac20c76eb818fa567,100,2025-07-14T00:01:37.000Z,0,0,0,0,4718.7279,0,0,6.4465,0,6.4465
0xd74f45334c0a754e8d834e1990dab588cdb39140,100,2025-07-14T00:01:37.000Z,0,0,0,0,4521.7478,0,0,6.3428,0,6.3428
0xcba986c46f6908be6ee07bf868bb812978c32e08,100,2025-07-14T00:01:37.000Z,0,0,0,0,4923.5143,0,0,6.7201,0,6.7201
0x96103652ef1d66d7a8f3b66060d126d82a456f47,100,2025-07-14T00:01:37.000Z,0,0,0,0,5132.4843,0,0,6.9927,0,6.9927
0x6b5e43cccab7cb3f45200d2a38c47a269dd011a8,100,2025-07-14T00:01:37.000Z,0,0,0,0,1802.4452,0,0,2.4786,0,2.4786
0x750a9e546d348e323b8c0f98cf71ea806f37112b,100,2025-07-14T00:01:37.000Z,0,0,0,0,5191.2222,0,0,7.3015,0,7.3015
0x9e8b306eea4d50090ac0af1eeac79fcd531eb159,100,2025-07-14T00:01:37.000Z,0,0,0,0,4262.7612,0,0,5.8259,0,5.8259
0x3b33e186573649c9a6c6380f45246c516c150ee1,100,2025-07-14T00:01:37.000Z,0,0,0,0,4515.0142,0,0,6.3332,0,6.3332
0xb1b5296bcc9f9de90a676d36485cb30ecc46f900,100,2025-07-14T00:01:37.000Z,0,0,0,0,4513.6407,0,0,6.3313,0,6.3313
0x1a15c730fe686ecf8ba44e3f9b21d5389b55bfbf,100,2025-07-14T00:01:37.000Z,0,0,0,0,7250.866,0,0,10.1635,0,10.1635
0xf94bfbd175219331f9ff323ea703ebd2a05fd33a,100,2025-07-14T00:01:37.000Z,0,0,0,0,7438.6045,0,0,10.2527,0,10.2527
0x001fe2cdbeeb0743679e958c0861dd8788b28b19,100,2025-07-14T00:01:37.000Z,0,0,0,0,7438.6045,0,0,10.2527,0,10.2527
0x6280dc842f55ecca9b7a7d490f892bd9adc4ab17,100,2025-07-14T00:01:37.000Z,0,0,0,0,6725.0535,0,0,9.4407,0,9.4407
0x3cbbdc5e6b615eaf094d41fd0f4422c72bcbe8ff,100,2025-07-14T00:01:37.000Z,0,0.0245,0,0.0444,14702681.834,0,0.0301,6.424,0,6.424
0xf035561dce033ded865e15e69db06cffc88d9213,100,2025-07-14T00:01:37.000Z,0,0,0,0,4258.1621,0,0,5.8128,0,5.8128
0xa7cac6d048d42c48470cb93307e6898356a13320,100,2025-07-14T00:01:37.000Z,0,0,0,0,5425.259,0,0,7.5784,0,7.5784
0xda7ff40887846d5f014a076bf68133cd6f0f3379,100,2025-07-14T00:01:37.000Z,0,0,0,0,1132.5399,0,0,1.5612,0,1.5612
0xc9534a59ef121516e5e1aead8d45d151e768e216,100,2025-07-14T00:01:37.000Z,0,0,0,0,3247.3764,0,0,4.316,0,4.316
0x0ad6b75e864892f661c48f578ad95a21638e13e7,100,2025-07-14T00:01:37.000Z,0,0,0,0,3345.0228,0,0,4.6977,0,4.6977
0x9d9e26932d012b2ab21b974fe1552f4025b1e1cc,100,2025-07-14T00:01:37.000Z,0,0,0,0,4662.2313,0,0,6.3328,0,6.3328
0x4bb51eb3588358ba59e005b4c5474a2cff7355b7,100,2025-07-14T00:01:37.000Z,0,0.0263,0,0.04,14326025.7526,0,0.0293,6.1871,0,6.1871
0xce0d183b410a53144ef3fc60931911d5ae9f00e6,100,2025-07-14T00:01:37.000Z,0,0.027,0,0.0387,14520016.8177,0,0.0297,6.4468,0,6.4468
0xe5dd78c224f26e306c84a9b1aa2def30bdf15835,100,2025-07-14T00:01:37.000Z,0,0,0,0,5035.165,0,0,6.8878,0,6.8878
0x9026a44fb446da394f5810fdb4708a7879cebe34,100,2025-07-14T00:01:37.000Z,0,0,0,0,4699.9626,0,0,6.3663,0,6.3663
0x9e4439fcf15fae67bd01a590e468912cb70b9c91,100,2025-07-14T00:01:37.000Z,0,0,0,0,587.7563,0,0,0.9248,0,0.9248
0x5114c9e5872ef18e714530da9000c50a4df38629,100,2025-07-14T00:01:37.000Z,0,0,0,0,6999.6019,0,0,9.8894,0,9.8894
0x6c1d079f0dea5e7db77590e17eb8be48c490d373,100,2025-07-14T00:01:37.000Z,0,0.0217,0,0.0301,11661213.5266,0,0.024,4.2549,0,4.2549
0x3b65b655cec1533b677cdf1c493a75d904de0406,100,2025-07-14T00:01:37.000Z,0,0,0,0,3275.7692,0,0,4.5157,0,4.5157
0x6fa544cddd47329d3b8cee3c37a759c2f676968c,100,2025-07-14T00:01:37.000Z,0,0,0,0,881.2784,0,0,1.1677,0,1.1677
0xc8747abc6a88bbd20939d83e36295b4defb3989c,100,2025-07-14T00:01:37.000Z,0,0,0,0,2094.0683,0,0,2.9428,0,2.9428
0x6841ccc2fa23efe3bbe98492f026756479e4a4ec,100,2025-07-14T00:01:37.000Z,0,0,0,0,7438.6045,0,0,10.2527,0,10.2527
0x28b7bbf621faf339d884c75b013c56e0731b2ada,100,2025-07-14T00:01:37.000Z,0,0,0,0,673.4706,0,0,0.8293,0,0.8293
0x911d9369874711363dd5ea1aa7a4d1d089b595a4,100,2025-07-14T00:01:37.000Z,0,0,0,0,4117.8542,0,0,5.7578,0,5.7578
0x57356618fff9f4bf3c87fa55594f61d5b8d37f57,100,2025-07-14T00:01:37.000Z,0,0,0,0,4436.9603,0,0,6.2397,0,6.2397
0xdf4beb2691ade973c0ef6a55b3c55f2edb69208d,100,2025-07-14T00:01:37.000Z,0,0,0,0,4477.2145,0,0,6.2836,0,6.2836
0xe5c3aabac09838405b82b10b4ddae5a48ae57f9d,100,2025-07-14T00:01:37.000Z,0,0,0,0,4522.438,0,0,6.1266,0,6.1266
0xaf9460c873bb77d9dfe3e83f687c340558b8f8d7,100,2025-07-14T00:01:37.000Z,0,0,0,0,2062.1558,0,0,2.9134,0,2.9134
0x40ef22af7c049cafae144f341f8d44a46ade66b1,100,2025-07-14T00:01:37.000Z,0,0,0,0,6908.0282,0,0,9.6995,0,9.6995
0x245bd6b5d8f494df8256ae44737a1e5d59769ab4,100,2025-07-14T00:01:37.000Z,0,0,0,0,4178.6684,0,0,5.8864,0,5.8864
0x1afbcd54aff10fdf0c2e7de4cde86b3e75a3e4e7,100,2025-07-14T00:01:37.000Z,0,0,0,0,5135.785,0,0,7.0214,0,7.0214
0x10c895bf7d9f895cd648448d35f89b23b15dd1a5,100,2025-07-14T00:01:37.000Z,0,0,0,0,4981.7769,0,0,6.9183,0,6.9183
0xd2c04f656448e78b178d6cc3b2ccf91de6ae7f39,100,2025-07-14T00:01:37.000Z,0,0,0,0,4426.8944,0,0,6.0506,0,6.0506
0x95ec1c92ca79b3e0fc7599f4d02f60c68fc81b0b,100,2025-07-14T00:01:37.000Z,0,0,0,0,4569.9065,0,0,6.4468,0,6.4468
0x761f24ca62486b98f259837542964aa18c176358,100,2025-07-14T00:01:37.000Z,0,0,0,0,5397.0188,0,0,7.5841,0,7.5841
0x6a6032ca59500cb2ecea4997d65521afbc3cf120,100,2025-07-14T00:01:37.000Z,0,0,0,0,1676.4167,0,0,2.2506,0,2.2506
0xe5d50c7af6c9c0c36e270f6ce8467bef7e27a443,100,2025-07-14T00:01:37.000Z,0,0,0,0,2365.2533,0,0,2.9475,0,2.9475
0x97188c8755443868f150ca2ed307671e7d686744,100,2025-07-14T00:01:37.000Z,0,0,0,0,1585.1865,0,0,2.1892,0,2.1892
0x4518cd6f9cd1085d0cc1eed7c8b3bcd98afafcd9,100,2025-07-14T00:01:37.000Z,0,0,0,0,3304.8718,0,0,4.4381,0,4.4381
0x298c506e1a3bd03064f49188948768cb11b26435,100,2025-07-14T00:01:37.000Z,0,0,0,0,5397.0188,0,0,7.5841,0,7.5841
0x9fbcbfdc3c66562113daba8b501d0d7d55e84688,100,2025-07-14T00:01:37.000Z,0,0,0,0,7438.6045,0,0,10.2527,0,10.2527
0x62872c62d5087294e4dd4d47012e51e71ceb1745,100,2025-07-14T00:01:37.000Z,0,0,0,0,6908.0288,0,0,9.6995,0,9.6995
0x1ca0a84230d73a986681b22391c198ad5887903c,100,2025-07-14T00:01:37.000Z,0,0,0,0,6908.004,0,0,9.6995,0,9.6995
0x62efbbc99349456ae6cb45feaec6ee5b9f15883c,100,2025-07-14T00:01:37.000Z,0,0,0,0,6907.9868,0,0,9.6995,0,9.6995
0x128b83d86d41f2c0a2a549d70a8f5e255d2f9896,100,2025-07-14T00:01:37.000Z,0,0,0,0,6907.9722,0,0,9.6995,0,9.6995
0x74422aea0886e590ca53537de3ef78f47be368a8,100,2025-07-14T00:01:37.000Z,0,0,0,0,5397.0188,0,0,7.5841,0,7.5841
0x9c64c4b1a9d2eb9fae60cd9fecf86557f584117b,100,2025-07-14T00:01:37.000Z,0,0,0,0,6907.9576,0,0,9.6994,0,9.6994
0x6555032a163641b5f7c9ba32f9543acef7a1559c,100,2025-07-14T00:01:37.000Z,0,0,0,0,6988.3069,0,0,9.7935,0,9.7935
0xfc651a9e723a4da0e7eb264f6f73a680d9721f69,100,2025-07-14T00:01:37.000Z,0,0,0,0,6907.9236,0,0,9.6994,0,9.6994
0xf8d97b0de945bb3ec6d634e0fdc48b6a3b9fcb1f,100,2025-07-14T00:01:37.000Z,0,0,0,0,7438.6045,0,0,10.2527,0,10.2527
0x6e590863f9b04189e0d5143eb41367b96dc151ca,100,2025-07-14T00:01:37.000Z,0,0,0,0,1836.1128,0,0,2.5504,0,2.5504
0xb235c33eaedbd96271f03154baa0fa4809f023ca,100,2025-07-14T00:01:37.000Z,0,0,0,0,2086.9826,0,0,2.89,0,2.89
0xd4f0e5a2d37e0159789470711c3c6e6d9dae12d7,100,2025-07-14T00:01:37.000Z,0,0,0,0,2066.6991,0,0,2.8618,0,2.8618
0x026c8ae096ebd22f2f6ce84de9ebf96e5a7887db,100,2025-07-14T00:01:37.000Z,0,0,0,0,1773.7171,0,0,2.4585,0,2.4585
0x0a2ff9935e17df1c664201557f1e5e7f3473a68f,100,2025-07-14T00:01:37.000Z,0,0,0,0,1518.8806,0,0,2.1074,0,2.1074
0x71b40c1c502e4bea83a90dddb94f82f16582b044,100,2025-07-14T00:01:37.000Z,0,0,0,0,1972.3411,0,0,2.7309,0,2.7309
0x761e1ea4b9bfde475b0196a595d2e20845e50c8d,100,2025-07-14T00:01:37.000Z,0,0,0,0,2072.1446,0,0,2.8682,0,2.8682
0xb9e61ea87e165f038ee73a1492564fe6c81ed776,100,2025-07-14T00:01:37.000Z,0,0,0,0,1895.3072,0,0,2.614,0,2.614
0xc30b175dfd20cf4a34c661e3b145b3ac7938230a,100,2025-07-14T00:01:37.000Z,0,0,0,0,1596.6725,0,0,2.2042,0,2.2042
0x8196888886836cb8a6ba4248fe195e31479503d8,100,2025-07-14T00:01:37.000Z,0,0,0,0,1761.9018,0,0,2.4433,0,2.4433
0xa187408c461f382314c873a2725819ad0ff19d63,100,2025-07-14T00:01:37.000Z,0,0,0,0,1583.4011,0,0,2.1857,0,2.1857
0x5b328c5a0b9f2b02c6787de34dd854ab2d6ea3e5,100,2025-07-14T00:01:37.000Z,0,0,0,0,1585.0571,0,0,2.1891,0,2.1891
0xa63cb29de16607dd5ac18b6cb65bead58d04ac25,100,2025-07-14T00:01:37.000Z,0,0,0,0,7438.6045,0,0,10.2527,0,10.2527
0x8f8be6f1eac8432e3f0e460402fcb358311a86d4,100,2025-07-14T00:01:37.000Z,0,0,0,0,7438.6045,0,0,10.2527,0,10.2527
0x68c0dd2b5a5df00bca4f7df8ca9b1425fe817728,100,2025-07-14T00:01:37.000Z,0,0,0,0,7438.6045,0,0,10.2527,0,10.2527
0x23d2874d56bba76af9866604c76fc5347058aad7,100,2025-07-14T00:01:37.000Z,0,0,0,0,7438.6045,0,0,10.2527,0,10.2527
0x8560b084cbb92df9f8961a5e11a0fe28eca37216,100,2025-07-14T00:01:37.000Z,0,0,0,0,4335.1155,0,0,6.086,0,6.086
0x29397b5b81579504c446e8e86c88196491be5ec5,100,2025-07-14T00:01:37.000Z,0,0,0,0,7438.6045,0,0,10.2527,0,10.2527
0xd05eb495d3839397ca087221e3667a0fa2a6c9bc,100,2025-07-14T00:01:37.000Z,0,0,0,0,4575.7741,0,0,6.4315,0,6.4315
0x12a491e92dd8d6de3aadef21c4dda3a1d6a3a1cb,100,2025-07-14T00:01:37.000Z,0,0,0,0,4426.5713,0,0,6.1942,0,6.1942
0x98531797ec179244c8dc97c4b27351d2df787127,100,2025-07-14T00:01:37.000Z,0,0,0,0,2045.9279,0,0,2.9275,0,2.9275
0x8d4d39d2e3104876a0c5fa11efe02597613d2a79,100,2025-07-14T00:01:37.000Z,0,0,0,0,4458.2522,0,0,6.0857,0,6.0857
0x4b29ce2f88adde97c71207768c580a29cfc9be08,100,2025-07-14T00:01:37.000Z,0,0,0,0,5305.9647,0,0,7.4352,0,7.4352
0xe24f35fcc986f94d4cd7c93920a62bafae497db1,100,2025-07-14T00:01:37.000Z,0,0,0.0001,0,919.8558,0,0,0.947,0,0.947
0xaaad392d9c7b9489c480f57c809d3209cf26c930,100,2025-07-14T00:01:37.000Z,0,0,0,0,7244.2616,0,0,10.1589,0,10.1589
0xca5c758a8b9892a3e1b745f2039efa9491c18f7a,100,2025-07-14T00:01:37.000Z,0,0,0,0,7717.6238,0,0,10.3941,0,10.3941
0xaead6593710bf28bf4848b24f4ed1f130773d7e6,100,2025-07-14T00:01:37.000Z,0,0,0,0,8715.1497,0,0,12.2176,0,12.2176
0xe3ac17a0284ce1a551debafb0e57301c7226dbe9,100,2025-07-14T00:01:37.000Z,0,0,0,0,7212.8499,0,0,10.1263,0,10.1263
0x0eb682c54bb74e0fb37894e4f0b02127e5fb865f,100,2025-07-14T00:01:37.000Z,0,0,0,0,7438.6045,0,0,10.2527,0,10.2527
0x9ac5f8c48ade024a006206ca5ebd06f275f243ec,100,2025-07-14T00:01:37.000Z,0,0,0,0,7438.6045,0,0,10.2527,0,10.2527
0x4ca2a670bd5505b870b21331a53d9bb4ae6e2084,100,2025-07-14T00:01:37.000Z,0,0,0,0,7438.6045,0,0,10.2527,0,10.2527
0x1520ab7dd2ca282fca2810cb7df071c9de3e2f5c,100,2025-07-14T00:01:37.000Z,0,0,0,0,7438.6045,0,0,10.2527,0,10.2527
0x31287a933b2e153654105013d595dcbd6664fcf9,100,2025-07-14T00:01:37.000Z,0,0,0,0,7438.6045,0,0,10.2527,0,10.2527
0x7cd192ff8e2e3e5bf8b5e85f858c0f83e22f771d,100,2025-07-14T00:01:37.000Z,0,0,0,0,7438.6045,0,0,10.2527,0,10.2527
0xd2946cb43fd692f8776be5c91dc523aa3fe69f1d,100,2025-07-14T00:01:37.000Z,0,0,0,0,7438.6045,0,0,10.2527,0,10.2527
0x56f446074d3dc521786ea456e725775819e260cb,100,2025-07-14T00:01:37.000Z,0,0,0,0,7438.6045,0,0,10.2527,0,10.2527
0xe6a46ea30a1ef48e8ab2179a203c137702147073,100,2025-07-14T00:01:37.000Z,0,0,0,0,7438.6045,0,0,10.2527,0,10.2527
0x84d766fb6c86dd8983e5cab3d17e6630c278277e,100,2025-07-14T00:01:37.000Z,0,0,0,0,7438.6045,0,0,10.2527,0,10.2527
0xe69d81fad86ac5295a1261930c19e7ad009aa52e,100,2025-07-14T00:01:37.000Z,0,0,0,0,7438.6045,0,0,10.2527,0,10.2527
0xc7b6717c5c30a5645ba308afd2b0df42b850d8e3,100,2025-07-14T00:01:37.000Z,0,0,0,0,7438.6045,0,0,10.2527,0,10.2527
0xc7baf12d871f26b09dfa61a6e9e3b2eaef7a159a,100,2025-07-14T00:01:37.000Z,0,0,0,0,7438.6045,0,0,10.2527,0,10.2527
0xe3cd70be09c3a45b73ff5d7cfe37f8b5309ebbdc,100,2025-07-14T00:01:37.000Z,0,0,0,0,7438.6045,0,0,10.2527,0,10.2527
0x09a2aa22db9f97aabd3da897b156d944c8c50e0f,100,2025-07-14T00:01:37.000Z,0,0,0,0,7438.6045,0,0,10.2527,0,10.2527
0x334f12afb7d8740868be04719639616533075234,100,2025-07-14T00:01:37.000Z,0.1074,0,0.2837,0,93103448.5326,0.1907,0,126736.1536,0,126736.1536
0x75f04fbf12ed979873db692eab1a904abe1e2f32,100,2025-07-14T00:01:37.000Z,0,0,0,0,7438.6045,0,0,10.2527,0,10.2527
0x409ad638c059375de57d455b78520470ed13f282,100,2025-07-14T00:01:37.000Z,0,0,0,0,7438.6045,0,0,10.2527,0,10.2527
0x8c0733ba6295af19ae294c19b34e7d163acc7197,100,2025-07-14T00:01:37.000Z,0,0,0,0,7438.6045,0,0,10.2527,0,10.2527
0x75202586d58c8d2ed726b4abdcda3ecdd91c1e34,100,2025-07-14T00:01:37.000Z,0,0,0,0,7438.6045,0,0,10.2527,0,10.2527
0x91dc3d24895bb29033cbbf48ed6b5f7b0510d83c,100,2025-07-14T00:01:37.000Z,0,0,0,0,7438.6045,0,0,10.2527,0,10.2527
0x1d6b8e5fa836c7d5846fb76f188b008c10b67ba5,100,2025-07-14T00:01:37.000Z,0,0,0,0,7438.6045,0,0,10.2527,0,10.2527
0x5bf79c7bf66a6aa75f4fef4004bc7d527fdf8250,100,2025-07-14T00:01:37.000Z,0,0,0,0,7438.6045,0,0,10.2527,0,10.2527
0x74aadf1281a7f5546e13f17de5101a310a33bf3f,100,2025-07-14T00:01:37.000Z,0,0,0,0,7438.6045,0,0,10.2527,0,10.2527
0x683132fe975fac296f21919d625a94a4a86f6fa6,100,2025-07-14T00:01:37.000Z,0,0,0,0,6837.2543,0,0,9.3932,0,9.3932
0xb7806b30034cc8d13390aa0b713dc0c326cd4358,100,2025-07-14T00:01:37.000Z,0,0,0,0,7438.6045,0,0,10.2527,0,10.2527
0x31a026bbd8ddc0f95ad827c17c37c0d8fc25d3ff,100,2025-07-14T00:01:37.000Z,0,0,0,0,7438.6045,0,0,10.2527,0,10.2527
0x4ddcdfbef53747089cab9d775aa461e7a088ff3c,100,2025-07-14T00:01:37.000Z,0,0,0,0,7438.6045,0,0,10.2527,0,10.2527
0xd50ea36556e1c9abece88a1d9ad5b38261ab515b,100,2025-07-14T00:01:37.000Z,0,0,0,0,7438.6045,0,0,10.2527,0,10.2527
0x79cda2b2fa8b3c080da06ddce3416b8e4b7c1b14,100,2025-07-14T00:01:37.000Z,0,0,0,0,7438.6045,0,0,10.2527,0,10.2527
0xa2a97e9333982471665aecfa4893695cec74a9ef,100,2025-07-14T00:01:37.000Z,0,0,0,0,7438.6045,0,0,10.2527,0,10.2527
0x0182518980f999ad0c9527d864c15492ab3beeae,100,2025-07-14T00:01:37.000Z,0,0,0,0,7438.6045,0,0,10.2527,0,10.2527
0x9ac0605353f447a49845365ded45fc57e609a319,100,2025-07-14T00:01:37.000Z,0,0,0,0,7438.6045,0,0,10.2527,0,10.2527
0xd51aea4a4ba241ded4112c017d73c976a967139f,100,2025-07-14T00:01:37.000Z,0,0,0,0,7438.6045,0,0,10.2527,0,10.2527
0x3975f79ce2cae19b8d4d5e1f4b134e241bf6f10a,100,2025-07-14T00:01:37.000Z,0,0,0,0,7438.6045,0,0,10.2527,0,10.2527
0xe5d067d8634e109c077192c34c972a10ee6fc731,100,2025-07-14T00:01:37.000Z,0,0,0,0,4120.9945,0,0,5.6165,0,5.6165
0x591f5162547dff90c185271726a5eb540d1395de,100,2025-07-14T00:01:37.000Z,0,0,0,0,3919.736,0,0,5.3076,0,5.3076
0x12c8585b54220fb7b59599b51f76cac4e12f55fe,100,2025-07-14T00:01:37.000Z,0,0,0,0,1041.7124,0,0,1.4041,0,1.4041
0x5bd07249115373c2f069da83592706fac4e70c66,100,2025-07-14T00:01:37.000Z,0,0,0,0,4245.2047,0,0,5.5555,0,5.5555
0x461cbd5765360733a02d4571591d54c8b8a517ea,100,2025-07-14T00:01:37.000Z,0,0,0,0,8011.9431,0,0,10.4725,0,10.4725
0x470ba0f3bc80d88d3cd9cfd28dd125da0e545993,100,2025-07-14T00:01:37.000Z,0,0,0,0,8349.0991,0,0,10.9132,0,10.9132
0x9e979ffff022bbbe891fb64c1cfc61e4447d049a,100,2025-07-14T00:01:37.000Z,0,0,0,0,3007.4247,0,0,3.9895,0,3.9895
0xf28a1ff4cd9b579b55195cb9528ef8f7a8b10a33,100,2025-07-14T00:01:37.000Z,0,0,0,0,8433.2541,0,0,11.0232,0,11.0232
0x327c7b1e4bcaa69afa029f042dda3722e3ed74c1,100,2025-07-14T00:01:37.000Z,0,0,0,0,7438.6045,0,0,10.2527,0,10.2527
0x15923b51ecc5de696d67a85d2a493908c750b237,100,2025-07-14T00:01:37.000Z,0,0,0,0,7438.6045,0,0,10.2527,0,10.2527
0xaeeb3b86314009f5ee315c49414646a1f5709d1c,100,2025-07-14T00:01:37.000Z,0,0,0,0,7438.6045,0,0,10.2527,0,10.2527
0x5700f03f87db485fdb90e18b3100f00b235886f1,100,2025-07-14T00:01:37.000Z,0,0.0079,0,0.0094,1561514.5486,0,0.0032,1.6733,0,1.6733
0x441e1e47a6fa2dbfd3cd9b54291e9ab3a58d7975,100,2025-07-14T00:01:37.000Z,0,0,0,0,7438.6045,0,0,10.2527,0,10.2527
0x0c4f8ccbb4cf9c2ee568e33f21c807b1931726e4,100,2025-07-14T00:01:37.000Z,0,0,0,0,7699.7212,0,0,10.1831,0,10.1831
0x38ef098f74393d219d92c5112055e618c6bde2d7,100,2025-07-14T00:01:37.000Z,0,0,0,0,4217.3852,0,0,5.5126,0,5.5126
0x89c4acb8b5b5b8e5b2121934b9e143569a914c80,100,2025-07-14T00:01:37.000Z,0.0006,0,0.0006,0,68969.0037,0.0001,0,127.5701,0,127.5701
0x91fd26ec02642bed576d4f7efac19592568e12da,100,2025-07-14T00:01:37.000Z,0,0,0,0,7306.8167,0,0,10.2297,0,10.2297
0xfd1af514b8b2bf00d1999497668bff26ccdf4c8a,100,2025-07-14T00:01:37.000Z,0,0.0099,0,0.0352,11657354.3992,0,0.0239,4.0263,0,4.0263
0xece039bd21e3910187af408909b6529c629ec8e5,100,2025-07-14T00:01:37.000Z,0,0,0,0,3505.2531,0,0,4.4335,0,4.4335
0xdfc2ad6492faa517b5572f9fa61716d4f9d121ed,100,2025-07-14T00:01:37.000Z,0,0,0,0,4356.398,0,0,5.8714,0,5.8714
0x6bb0bed604c3c43bb53b9fda53e431c982fc01be,100,2025-07-14T00:01:37.000Z,0,0,0,0,2530.1475,0,0,3.3072,0,3.3072
0x7bc86a45410bd01a9c2c11c2b23b2afb2617f3ff,100,2025-07-14T00:01:37.000Z,0,0,0,0,5508.204,0,0,8.2608,0,8.2608
0xcf3c78a77ff01b451a21301a522c48b92a029e70,100,2025-07-14T00:01:37.000Z,0,0.0025,0,0.0543,11921402.7927,0,0.0252,5.7001,0,5.7001
0xdbd5e2bf0e87a6361bd0b587cc4c0b3fcf5dc259,100,2025-07-14T00:01:37.000Z,0,0,0,0,7590.9962,0,0,9.9223,0,9.9223
0x04c1d8ca275434bdc1697eda44d1cade92459b34,100,2025-07-14T00:01:37.000Z,0,0,0,0,2927.5123,0,0,4.003,0,4.003
0x90dafb210c44f4b72e591e7e2f583154290e5d83,100,2025-07-14T00:01:37.000Z,0,0,0,0,7204.956,0,0,9.9017,0,9.9017
0xce9164fcbae8e469a0dba805b5310eb1c531690b,100,2025-07-14T00:01:37.000Z,0,0,0,0,5070.2768,0,0,7.0985,0,7.0985
0x224623eeb6fadb6ff76f5be4b570ee06ee282868,100,2025-07-14T00:01:37.000Z,0,0,0,0,7290.2732,0,0,10.0926,0,10.0926
0x978a89b0178ea8054a99f5bddb0081ea6a3c27c3,100,2025-07-14T00:01:37.000Z,0,0,0,0,7485.1802,0,0,10.3026,0,10.3026
0x82b1c5ffa4fe976869b4156c90073a8b719d671a,100,2025-07-14T00:01:37.000Z,0,0,0,0,4582.3536,0,0,6.1581,0,6.1581
0xb9385eb2b944370adcdc22af45ace6140bda6225,100,2025-07-14T00:01:37.000Z,0,0,0,0,4827.3681,0,0,6.3839,0,6.3839
0x380e7360085407892f33da521dfb01da82b5f2be,100,2025-07-14T00:01:37.000Z,0,0,0,0,4582.3536,0,0,6.1581,0,6.1581
0x1ce34e220bd710d1a84a135f345b650cc7770e9f,100,2025-07-14T00:01:37.000Z,0,0,0,0,4789.5647,0,0,6.3491,0,6.3491
0xeaf1eb60c3359b12d501d23a372256846ddbff8d,100,2025-07-14T00:01:37.000Z,0,0,0,0,4788.8358,0,0,6.3484,0,6.3484
0x68bf9733a1b5688feb430b1d200b2299c74885b1,100,2025-07-14T00:01:37.000Z,0,0,0,0,4756.9013,0,0,6.4449,0,6.4449
0x9c1a52b599cf652701b41bf137ae022a894b5ea3,100,2025-07-14T00:01:37.000Z,0,0,0,0,4756.9013,0,0,6.4449,0,6.4449
0xc0dd5675528d8d9f05afe601df6ebda59e2a6733,100,2025-07-14T00:01:37.000Z,0,0,0,0,4756.9013,0,0,6.4449,0,6.4449
0x41aeb883a0073527e5f5653423cbd59339154a72,100,2025-07-14T00:01:37.000Z,0,0,0,0,4788.1132,0,0,6.3477,0,6.3477
0x7d35849b2e48539661e705ee5899385944d82ab1,100,2024-11-17T20:48:39.000Z,0,0,0,0,315.5126,0,0,9.6755,0,9.6755
0xb4b88049a0ac431023e00a7e31cec9d30616505e,100,2025-07-14T00:01:37.000Z,0,0.0188,0,0.0238,9095956.3747,0,0.0187,2.9339,0,2.9339
0x23069f1978fe4d6ec88bf0b84bca2b39d3b285e1,100,2025-07-14T00:01:37.000Z,0,0,0,0,10968.9546,0,0,14.8535,0,14.8535
0x717f0a9ee93fde2ae196b61b51fda5b892c02b3d,100,2025-07-14T00:01:37.000Z,0,0,0,0,4881.1658,0,0,6.384,0,6.384
0x71044ae277bac65c4dfcd598d07a60fc6810fb8e,100,2025-07-14T00:01:37.000Z,0,0,0,0,8235.4417,0,0,11.0709,0,11.0709
0x41cd6228341ea33e8d9659f09bf0e5aadc54c5e7,100,2025-07-14T00:01:37.000Z,0.0001,0.0725,0.0001,0.0725,18891161.7588,0,0.0387,10.9215,0,10.9215
0x431f2b6e43bed4d845ac5d9b5d030dfc8987691d,100,2025-07-14T00:01:37.000Z,0,0,0,0,7654.1441,0,0,10.5502,0,10.5502
0x6bc8679c27b49cc4be2c8faf9906bc0465727cf3,100,2025-07-14T00:01:37.000Z,0,0,0,0,7438.6045,0,0,10.2527,0,10.2527
0x5ac691d7b535cbb755de910123c656ac407f6f29,100,2025-07-14T00:01:37.000Z,0,0,0,0,7438.6045,0,0,10.2527,0,10.2527
0xf7d7d7dacb1215fba1f6cdd1361092796680cf4f,100,2025-07-14T00:01:37.000Z,0,0,0,0,7438.6045,0,0,10.2527,0,10.2527
0xe18ff9d58b4deb8c17ccba79a87fbed548ab06b3,100,2025-07-14T00:01:37.000Z,0.0006,0,0.0006,0,98876.7158,0.0002,0,214.1832,0.0924,214.0909
0x0d3662a58010592abc77dedbf06101c4f0dbb357,100,2025-07-14T00:01:37.000Z,0,0,0,0,1230.844,0,0,1.6895,0,1.6895
0x3dcde3990c781cec4921af8a0bae1820f649e2c0,100,2025-07-14T00:01:37.000Z,0,0,0,0,3207.9546,0,0,4.4509,0,4.4509
0x61520cc833313c4d4d4ed61e0dfca3b4923318c5,100,2025-07-14T00:01:37.000Z,0,0,0,0,6374.3672,0,0,8.8441,0,8.8441
0x93117c404dd08720da88ea1b48799f87e8d03190,100,2025-07-14T00:01:37.000Z,0,0,0,0,1455.5566,0,0,2.0691,0,2.0691
0xa3c0a5e0465e65e56d36d1a7f4684c317d9ce875,100,2025-07-14T00:01:37.000Z,0,0,0,0,1228.6066,0,0,1.8362,0,1.8362
0x2e6f35eaa69bd20d694b3c6735956a7a54409b57,100,2025-07-14T00:01:37.000Z,0,0,0,0,919.1291,0,0,1.3963,0,1.3963
0xed6818c68496aff31f6064c880aa235ab99b3acb,100,2025-05-04T12:23:19.000Z,0,0,0,0,2401.0012,0,0,4.831,0,4.831
0x541ef672f9d8626090ec6699c2a35f29742152a5,100,2025-07-14T00:01:37.000Z,0,0,0,0,41.5259,0,0,0.0553,0,0.0553
0x95cde8b6ebddf03f5bd4ecc82a74664cd72cd87c,100,2025-07-14T00:01:37.000Z,0.0006,0,0.0011,0,208416.4315,0.0005,0,372.0229,59.4937,312.5291
0x28abd3190674dc57e4d3bebeec22f78d121810d5,100,2025-07-14T00:01:37.000Z,0,0,0,0,601.3503,0,0,0.9327,0,0.9327
0xb972788fd94972d673eb3af068df1dfe11a2ec37,100,2025-07-14T00:01:37.000Z,0,0,0,0,356.1174,0,0,0.5488,0,0.5488
0x07dd329293000003a159153f6ed12ff7c3a23981,100,2025-07-14T00:01:37.000Z,0,0,0,0,229.8613,0,0,0.3556,0,0.3556
0x478189dc3905a08e456c348905c1e5b03de8023d,100,2025-07-14T00:01:37.000Z,0,0,0,0,169.5441,0,0,0.2838,0,0.2838
0xcf976705a5326bb97fb26539ca9bb1fa0ba62178,100,2025-07-14T00:01:37.000Z,0,0,0,0,28.745,0,0,0.0464,0,0.0464
0x31517b5b26dddcf2fad386d21e94a552ed5cebef,100,2025-07-14T00:01:37.000Z,0,0,0,0,35.3542,0,0,0.0571,0,0.0571
0xd11fe8cb63b7590d19e7d63c1f65cbfe0845d58a,100,2025-07-14T00:01:37.000Z,0,0,0,0,43.9238,0,0,0.0707,0,0.0707
0x33d10de1e65e6193044e277a77c3fd02d59b1c3f,100,2025-07-14T00:01:37.000Z,0.0002,0,0.0002,0,30197.7334,0.0001,0,99.9275,0,99.9275
0xaa36deb402ccf0fee2aa09974552154a9564ae20,100,2025-07-14T00:01:37.000Z,0.0169,0,0.0189,0,4156525.3099,0.0097,0,8338.5381,5430.5933,2907.9448
0x015806a55d5be54e74fbf8ee8154372f1e9b3de2,100,2024-12-15T23:46:42.000Z,0,0,0,0,62.9077,0,0,20.3348,0,20.3348
0xe94d542dfa1784b5ff6493c869d31083782cc621,100,2024-12-15T23:46:42.000Z,0.0001,0,0.0001,0,151.1138,0.0001,0,48.8472,0,48.8472
0x249ae3af19aaca46283dd57fc1adbff16463f811,100,2024-12-15T23:46:42.000Z,0.0003,0,0.0003,0,466.9786,0.0003,0,150.9498,0,150.9498
0x2a2c5bad5a1d64a79d9d966811de37b70d9a00c8,100,2024-12-15T23:46:42.000Z,0.0001,0,0.0001,0,167.9711,0.0001,0,54.2963,0,54.2963
0xfc601d7070ca088aea0fe6efd3f214b88fcd4df2,100,2024-12-15T23:46:42.000Z,0.0002,0,0.0002,0,339.2303,0.0002,0,109.6555,0,109.6555
0x8fbc12a1aefb058ea05cc17135b1d6e821e0d7d4,100,2024-12-15T23:46:42.000Z,0.0005,0,0.0005,0,766.3183,0.0005,0,247.7107,0,247.7107
0x206c5915856ef684d9f816f3747224c853933115,100,2025-07-14T00:01:37.000Z,0,0,0,0,356.904,0,0,0.5874,0,0.5874
0x769578e626f00a3257d2a95da514eb3f1ab8305d,100,2025-07-14T00:01:37.000Z,0,0,0,0,57.6773,0,0,0.1014,0,0.1014
0x93676bc5dec9a7e0b425bf70196bb82c9916502c,100,2025-07-14T00:01:37.000Z,0,0,0,0,297.9203,0,0,0.5532,0,0.5532
0xbff4d6ec1bba8faabb1723c32e8757603ec5ea24,100,2025-07-14T00:01:37.000Z,0,0,0,0,843.6484,0,0,1.5665,0,1.5665
0xb75c411d656524523de854f70fbdae4b7740a22e,100,2025-07-14T00:01:37.000Z,0,0.0228,0,0.0449,11726777.939,0,0.0297,7.6235,0,7.6235
0x67ab5b66debc3217105ab356a219137a0bc07d3a,100,2025-07-14T00:01:37.000Z,0,0.0587,0.0001,0.0788,27031993.4507,0.0001,0.0684,39.5096,0,39.5096
0xd3778cade4ecbc115a8e26c211789c3a6d5ed48c,100,2025-07-14T00:01:37.000Z,0,0,0,0,2.3718,0,0,0.0043,0,0.0043
0x9008d19f58aabd9ed0d60971565aa8510560ab41,100,2025-07-14T00:01:37.000Z,0.0001,0,0.0001,0,19291.0868,0.0001,0,47.4286,0,47.4286
0x031778c7a1c08787aba7a2e0b5149feb5decabd7,100,2025-07-14T00:01:37.000Z,0,0,0,0,90.0006,0,0,0.1822,0,0.1822
0x1889af068f61c4376e337913bf4728ea20dff7a0,100,2025-07-14T00:01:37.000Z,0,0,0,0,0.5429,0,0,0.001,0,0.001
0x49a8a44fc8ae002e096fba030791d3a3b7c008a6,100,2025-07-14T00:01:37.000Z,0,0,0,0,0.5285,0,0,0.001,0,0.001
0xa989c0063511a9c773402c6e17d666da7c00f2b2,100,2025-07-14T00:01:37.000Z,0,0,0,0,0.5022,0,0,0.001,0,0.001
0x529070265656213bd739d9cfda525a31fd353b1a,100,2025-07-14T00:01:37.000Z,0,0,0,0,5.0805,0,0,0.0097,0,0.0097
0x34c263a565157c2c0fefda9c7d205fdbea8ee2ee,100,2025-07-14T00:01:37.000Z,0,0,0,0,1.5625,0,0,0.003,0,0.003
0xde1f8a73aac5a18a04395b40fc6eee093964faf4,100,2025-07-14T00:01:37.000Z,0,0,0,0,282.2981,0,0,0.5647,0,0.5647
0xa7bd30c73549c7948e2ef5d46215a5ce95275b98,100,2025-07-14T00:01:37.000Z,0,0,0.0001,0,12195.7845,0,0,24.3947,0,24.3947
0x2535c1d30f861cc09ddb961ddd14cc15a6ca4641,100,2025-07-14T00:01:37.000Z,0,0,0,0,14.6583,0,0,0.0293,0,0.0293
0x9f1ae497afad289aa370f3f4ad038bc5e35f3c27,100,2025-07-14T00:01:37.000Z,0,0,0,0,1394.2743,0,0,2.7889,0,2.7889
0x59512422af0709c7cab8285838975cd8d7c7ce7d,100,2025-07-14T00:01:37.000Z,0,0,0,0,828.5634,0,0,21.7564,0,21.7564
0x7d3a0da18e14ccb63375cdc250e8a8399997816f,100,2025-07-14T00:01:37.000Z,0,0,0,0,6.1069,0,0,0.0122,0,0.0122
0xc978f4364c03a00352e8c7d9619b42e26b6424ab,100,2025-07-14T00:01:37.000Z,0,0,0.0001,0,18252.6773,0.0001,0,36.51,0,36.51
0xab5937b9b3be8a568943617dfcbd9d55717c32ec,100,2025-07-14T00:01:37.000Z,0,0,0,0,3.1944,0,0,0.0064,0,0.0064
0xe4a982fa1f1e8ad1af238a7b1226b13b56bf5ccd,100,2025-07-14T00:01:37.000Z,0.0002,0,0.0004,0,103957.8493,0.0003,0,212.3273,0,212.3273
0xcc37ac58c61e76b941ae31beb93f819592139913,100,2025-07-14T00:01:37.000Z,0,0,0,0,4.6099,0,0,0.0098,0,0.0098
0x9dadf18c8aec2a80be1473935b5b710b9ac6eaa2,100,2025-07-14T00:01:37.000Z,0,0,0,0,1.23,0,0,0.0026,0,0.0026
0x229fd33073a9bfbea6214a71404ae86eec6eaa3f,100,2025-05-03T01:31:32.000Z,0,0,0,0,0.614,0,0,0.0023,0,0.0023
0x38d8c1e466dd5889cc8b029394f7dabd55a2e232,100,2025-07-14T00:01:37.000Z,0,0,0,0,4.5488,0,0,0.0098,0,0.0098
0xfc9dcba32cc3c86cef07e69c3fae630db2785a9e,100,2025-05-04T12:23:19.000Z,0,0,0.0001,0,6718.5451,0,0,25.0009,0,25.0009
0xa5ac847fc0e14223395778d216f58501f138e9a2,100,2025-05-04T12:23:19.000Z,0.0001,0,0.001,0,113619.1248,0.0008,0,422.8277,0,422.8277
0x956b2e01e38e6a8db2de1e475f55886d51dc4fdf,100,2025-07-14T00:01:37.000Z,0,0,0,0,0.6237,0,0,0.0014,0,0.0014
0x369493e33459d16ed0119526d08152b684e03c63,100,2025-07-14T00:01:37.000Z,0,0,0,0,0.5987,0,0,0.0013,0,0.0013
0xaa673648a822fcf4b143312b85f773f1d1b9f773,100,2025-07-14T00:01:37.000Z,0,0,0,0,1.0322,0,0,0.0023,0,0.0023
0x0e44ff4b3ddfaa45dba672cadd5db41d080d6c11,100,2025-07-14T00:01:37.000Z,0,0,0,0,2.3457,0,0,0.0052,0,0.0052
0x6e5191412f7d8fa741285a2f852aad0e00810140,100,2025-07-14T00:01:37.000Z,0,0,0,0,4.1895,0,0,0.0092,0,0.0092
0x5ab7971c6e46f55367c1090b863746dc6b1ebb8c,100,2025-07-14T00:01:37.000Z,0,0,0,0,3.0033,0,0,0.0079,0,0.0079
0xf8fb9316fa63e6401311ad1c861a569087ba3f60,100,2025-07-14T00:01:37.000Z,0,0,0,0,3.7059,0,0,0.0097,0,0.0097
0x159d726ab894970fb32387ae9cb072111fd4508e,100,2025-05-04T12:23:19.000Z,0,0,0,0,3273.7697,0,0,17.8783,0,17.8783
0x447b68dc638a582612b3f1443538211665461949,100,2025-05-04T12:23:19.000Z,0.0001,0,0.0001,0,8789.1502,0.0001,0,47.9981,0,47.9981
0xa83935efd1d09dbd0e09021036b6b79b211baf65,100,2025-04-17T02:18:20.000Z,0.0004,0,0.0005,0,27260.5876,0.0004,0,211.6603,0,211.6603
0x41222737c2dade698e5d1670fa25276674d1e522,100,2025-04-14T03:59:09.000Z,0.0004,0,0.0005,0,26348.6643,0.0004,0,221.0687,0,221.0687
0xbebcf3700f462a82061ff95295ab6ec7593c6c6c,100,2025-07-14T00:01:37.000Z,0,0,0,0,80.2069,0,0,0.21,0,0.21
0x8b20880fbc214a5eb74ecee679c8971149a45415,100,2025-07-14T00:01:37.000Z,0,0,0,0,6.4458,0,0,0.0198,0,0.0198
0x8195fa0519d5f3ad3766e2ec5b3dfc088be03aab,100,2025-03-14T22:23:51.000Z,0.006,0,0.006,0,59517.0438,0.006,0,2678.3743,0,2678.3743
0x55aae08c2913c4b582f860031e3afdc2ca0ba063,100,2025-07-14T00:01:37.000Z,0,0,0,0,1207.3219,0,0,3.1607,0,3.1607
0xae25817e57d1be8c2c60ba911300f4fc45a9f8cb,100,2025-07-14T00:01:37.000Z,0,0,0,0,4526.2879,0,0,13.3322,0,13.3322
0x923bfbcf199afcdf2071d60a811132ce4b747984,100,2025-07-14T00:01:37.000Z,0.0001,0,0.0012,0,45003.8731,0.0002,0,138.2087,21.3324,116.8763
0x278371008525f4b50547166da389b5fdb8ebce8e,100,2025-07-14T00:01:37.000Z,0,0,0,0,1.0984,0,0,0.0037,0,0.0037
0x4e35004054b9195fab156c1b9307e9b569a5b930,100,2025-07-14T00:01:37.000Z,0,0,0,0,2.6863,0,0,0.0091,0,0.0091
0x51e14dcb7d6ed4d5fcb62143636df837a2437db3,100,2025-07-14T00:01:37.000Z,0,0,0,0,285.5454,0,0,0.9685,0,0.9685
0x59cb7f79e9454298e563bb77a63c3cc0a5f27407,100,2025-07-14T00:01:37.000Z,0,0,0,0,2096.2763,0,0,7.787,0,7.787
0xa53158c126a6734db171f965d9abf66ce37f02fa,100,2025-07-14T00:01:37.000Z,0,0,0,0,2.0862,0,0,0.0079,0,0.0079
0x1f39522caa631768b73d1ed8c8ca0eca8f543e85,100,2025-07-14T00:01:37.000Z,0,0,0,0,1.4085,0,0,0.0054,0,0.0054
0xb475f0220afbeb603b287867e4429abe81041472,100,2025-07-14T00:01:37.000Z,0,0,0,0,1.6863,0,0,0.0067,0,0.0067
0xb2a2ce3d9be9fc12c98fff2a1c358277be66aa66,100,2025-07-14T00:01:37.000Z,0,0,0,0,1.3307,0,0,0.0053,0,0.0053
0xd0363ccd573163df94b754ca00c0aca2bb66b748,100,2025-07-14T00:01:37.000Z,0,0,0,0,582.9452,0,0,2.8182,0,2.8182
0xa50341f5e72ed061cd0adbd338cbf070dc45784c,100,2025-04-27T11:41:28.000Z,0.0004,0,0.0004,0,1202.7502,0.0004,0,188.535,0,188.535
0xa350122a590fc6c8bee981a06039436fff79c02a,100,2025-07-14T00:01:37.000Z,0,0,0.0001,0,5749.0255,0,0,28.4502,0,28.4502
0x2693690b2c9f00b8b71024a997886f168930de72,100,2025-05-07T04:14:12.000Z,0,0,0,0,28.3028,0,0,8.8547,0,8.8547
0xd18f8e0eff764a18f7d70c6c84340338dc79d9ff,100,2025-05-17T17:30:25.000Z,0.0001,0,0.0001,0,1562.6602,0.0001,0,62.2907,0,62.2907
0xa999ac5c4a1178b07adf249a7e48d2c7aec19d3d,100,2025-05-17T17:30:25.000Z,0.0002,0,0.0002,0,3157.6417,0.0002,0,125.8699,0,125.8699
0x725bcf16bae966975170c4d98e646a518ae071d3,100,2025-05-17T17:30:25.000Z,0.0001,0,0.0001,0,1015.1292,0.0001,0,40.4651,0,40.4651
0xb4b04564f56f4795ea4e14d566af78da54a99980,100,2025-05-13T17:10:27.000Z,0.0012,0,0.0019,0,16619.9169,0.0014,0,1069.0361,0,1069.0361
0xc67cf4e525fffc95833ab315c24d6e00c46db6a1,100,2025-07-14T00:01:37.000Z,0,0,0,0,261.6268,0,0,1.3822,0,1.3822
0xec9048b59b3467415b1a38f63416407ea0c70fb8,100,2025-07-14T00:01:37.000Z,0.0001,0,0.0001,0,13035.8069,0.0001,0,72.04,0,72.04
0x83cccdd523e02d44d229b2b2ee59d69d3af03dd8,100,2025-07-14T00:01:37.000Z,0,0,0,0,0.5855,0,0,0.0032,0,0.0032
0x64b1a10f3244a6803ee32902bb3f9d267b6577f7,100,2025-07-14T00:01:37.000Z,0,0,0,0,1.4723,0,0,0.008,0,0.008
0xd8ad1fea3fb40671a2ed0fd17f4f196a4be75fb4,100,2025-07-14T00:01:37.000Z,0,0,0.0001,0,6985.5912,0,0,38.0995,0,38.0995
0x949fd3a64f44b80bb13db2b6af0fabfcf727d354,100,2025-07-14T00:01:37.000Z,0,0,0,0,0.2959,0,0,0.0016,0,0.0016
0x1eb7458ae2d2509691de3514870c543bf1ba4813,100,2025-07-14T00:01:37.000Z,0,0,0,0,1.7886,0,0,0.0098,0,0.0098
0xc58598141a72db365e8ecd4d740a191913551d0f,100,2025-07-14T00:01:37.000Z,0,0,0,0,658.9706,0,0,3.5941,0,3.5941
0xe1d93f9a4982cf170baddf711ac93a9e10b1ec1e,100,2025-07-14T00:01:37.000Z,0.0001,0,0.0001,0,11093.9045,0.0001,0,60.5063,0,60.5063
0xfe13988736d95d052c2e45e5b4e1ef2e2750b7f4,100,2025-07-14T00:01:37.000Z,0.077,0,0.1274,0,15351187.4599,0.0822,0,83725.5382,0,83725.5382
0x32aaba58de76bdba912fc14fcc11b8aa6227aee9,100,2025-07-14T00:01:37.000Z,0,0,0,0,94.5536,0,0,0.5168,0,0.5168
0xd15d4bf287f206dbba222f0bf7a48e8166c7020b,100,2025-07-14T00:01:37.000Z,0,0,0,0,704.5973,0,0,4.1627,0,4.1627
0xa7e93f5a0e718bddc654e525ea668c64fd572882,100,2025-07-14T00:01:37.000Z,0,0,0,0,266.2081,0,0,1.728,1.4435,0.2845
0xbc9e9f2a49ea0f0619f79c0a0d8b4a19ba79cba7,100,2025-07-14T00:01:37.000Z,0,0,0,0,22.0986,0,0,0.1434,0,0.1434
0x3879e62972ec43713d296cfd5a9751b351269cf1,100,2025-07-14T00:01:37.000Z,0,0,0,0,3.3911,0,0,0.022,0,0.022
0x409caec195e72ede0b27e4deb55524424c5d54a9,100,2025-07-14T00:01:37.000Z,0,0,0,0,3.8355,0,0,0.0249,0,0.0249
0xc7b072b4368e7a221a2de74dac549edcef34cfa3,100,2025-07-14T00:01:37.000Z,0,0,0,0,64.7115,0,0,0.4201,0,0.4201
0xe2a0c03b1e7a698b63c9f7cf7c37eff577e890a7,100,2025-07-14T00:01:37.000Z,0,0,0,0,0.7781,0,0,0.0051,0,0.0051
0x16e2e9b9e6c097be009c0b10f8e78f4de99461be,100,2025-07-14T00:01:37.000Z,0,0,0,0,2.2965,0,0,0.0149,0,0.0149
0xc9fdc4e87eff1a29bccbada939c6aca7590e1660,100,2025-07-14T00:01:37.000Z,0,0,0,0,1.1299,0,0,0.0073,0,0.0073
0x55aa033bcbf561910503609f2a30f0cc6eba11ab,100,2025-07-14T00:01:37.000Z,0,0,0,0,1.2864,0,0,0.0084,0,0.0084
0xb6e5b0a2a363a326025f1c9ac1fe7b5ae2633f3f,100,2025-07-14T00:01:37.000Z,0,0,0,0,0.0823,0,0,0.0005,0,0.0005
0x35d3cbcf2d75c82febfddf69b01d2dd78fd780eb,100,2025-07-14T00:01:37.000Z,0.0002,0,0.0002,0,30950.8665,0.0002,0,200.9106,0,200.9106
0x1cca18430fa4ab078b8df5fd2e7a84ffd3858313,100,2025-07-14T00:01:37.000Z,0,0,0,0,0.71,0,0,0.0046,0,0.0046
0x8e0b3c2d675013e7ca84dfc044678133a6b7a36c,100,2025-07-14T00:01:37.000Z,0,0,0,0,0.5814,0,0,0.0038,0,0.0038
0xd2a6017179968d65ea6efaaea6f19d60e78314af,100,2025-07-14T00:01:37.000Z,0,0,0,0,128.2186,0,0,0.8323,0,0.8323
0x2933a9010fa10368113d9e4071ddf8c6adcd81d2,100,2025-07-14T00:01:37.000Z,0,0,0,0,86.1982,0,0,0.5595,0,0.5595
0x5ae31b437851b57a491603d6c7a845b61c88f1f5,100,2025-07-14T00:01:37.000Z,0,0.0346,0,0.0392,6114390.3472,0,0.037,13.7201,0,13.7201
0x4a33863614b5c8f851917f3746ec2cc2a51ea46e,100,2025-07-14T00:01:37.000Z,0,0,0,0,7.9727,0,0,0.0518,0,0.0518
0x165604b4240a6970acc4dfe314938e0361b0166d,100,2025-07-14T00:01:37.000Z,0,0,0,0,1.5725,0,0,0.0102,0,0.0102
0xb7f2947c23c18eb67141829014472df9244f6f9b,100,2025-07-14T00:01:37.000Z,0,0,0,0,0.4931,0,0,0.0032,0,0.0032
0x3666da333dadd05083fef9ff6ddee588d26e4307,100,2025-07-14T00:01:37.000Z,0,0,0,0,23.5566,0,0,0.1529,0,0.1529
0x80ec851fc8fd5502ed4052f60fd9edb59240bc84,100,2025-07-14T00:01:37.000Z,0,0,0,0,8.8097,0,0,0.0572,0,0.0572
0xfaf6bb8f1a300130fb9dc582dc8363a50841882d,100,2025-07-14T00:01:37.000Z,0,0,0,0,118.7276,0,0,0.7707,0,0.7707
0x5e9ff1d1f2017fc69b5e3accb0d47fc504093973,100,2025-07-14T00:01:37.000Z,0,0,0,0,864.9251,0,0,5.6145,0,5.6145
0x4578ca8179b7746c9b34b5d3f0a7312adcaeb2c0,100,2025-07-14T00:01:37.000Z,0,0,0,0,8.1119,0,0,0.0527,0,0.0527
0x4641abc565d7b9a1fc5164af9fe0becc59fe35e3,100,2025-07-14T00:01:37.000Z,0,0,0,0,7.3153,0,0,0.0475,0,0.0475
0x85877eda58588a5bbe31503425cc39feafb475fe,100,2025-07-14T00:01:37.000Z,0,0,0,0,488.7843,0,0,3.1728,0,3.1728
0x132687616d427134da64836fc703f3bf9b1cce20,100,2025-05-23T06:03:11.000Z,0.0024,0,0.0024,0,3975.5131,0.0024,0,2508.2561,0,2508.2561
0x4bc80d24598141f46455959f671155d5c5504872,100,2025-07-14T00:01:37.000Z,0,0,0,0,2.2444,0,0,0.0176,0,0.0176
0x766727e57a00cf6179156225ea4be95c03721b9f,100,2025-07-14T00:01:37.000Z,0,0,0,0,0.509,0,0,0.004,0,0.004
0x15e4b073c44e90d4667c7add06ab7a0dbe7f4097,100,2025-07-14T00:01:37.000Z,0,0,0,0,2.9869,0,0,0.0234,0,0.0234
0x7acd208c00d3f6da3581192d981d6985bab5287d,100,2025-07-14T00:01:37.000Z,0,0,0,0,6.7825,0,0,0.0532,0,0.0532
0x9fd1e583b7c9a56b2c36fb67a03872d749341a43,100,2025-07-14T00:01:37.000Z,0,0,0,0,0.5878,0,0,0.0046,0,0.0046
0xe358a8b6c3babecb22919c863296401919e520be,100,2025-07-14T00:01:37.000Z,0,0,0,0,6.8631,0,0,0.0539,0,0.0539
0x3254ac19afd4356c9c50598ab7996ab46304385b,100,2025-07-14T00:01:37.000Z,0,0,0,0,8.8378,0,0,0.071,0,0.071
0x941ee37b03b20f963e858a1807b9ef89b0f7b20c,100,2025-07-14T00:01:37.000Z,0,0,0,0,614.3663,0,0,4.9368,0,4.9368
0xed52e156aa52453f944505aa51117e2eb82b0b09,100,2025-07-14T00:01:37.000Z,0,0,0,0,981.5466,0,0,7.8874,0,7.8874
0xdf6c744db72064d66ae487d0f9ea1b7c683cc415,100,2025-07-14T00:01:37.000Z,0,0,0,0,982.1543,0,0,7.8923,0,7.8923
0x7b397a473162f6d23c03e436c500c3c050911236,100,2025-07-14T00:01:37.000Z,0,0,0,0,206.667,0,0,1.6607,0,1.6607
0x3863bd6dca6aaaf995c28776fb1c31df5f4cb292,100,2025-07-14T00:01:37.000Z,0,0,0,0,8.7387,0,0,0.0702,0,0.0702
0xc95f4b081ea51a517f5ba1ab94dec5b08d1f4453,100,2025-07-14T00:01:37.000Z,0,0,0,0,967.3604,0,0,7.7734,0,7.7734
0x1e3ec1e5cd9c91c32cd676b7026a327298d54d60,100,2025-06-06T00:00:54.000Z,0.0011,0,0.0011,0,3818.0851,0.0011,0,1413.7168,0,1413.7168
0x3730f0dae72100cf020f02fde7730b814a37e63e,100,2025-06-06T00:00:54.000Z,0.0002,0,0.0002,0,687.635,0.0002,0,254.6096,0,254.6096
0xd0fb3b244bf5d1a3756e8428435d8235e44eb74d,100,2025-07-14T00:01:37.000Z,0,0,0.0003,0,932.4586,0,0,34.4039,0,34.4039
0x55995a74c3727a8078125a181f8eef6d2efdf703,100,2025-07-14T00:01:37.000Z,0.0001,0,0.0001,0,12101.65,0.0001,0,104.3671,0,104.3671
0x30a78778413f5d9a871d5beebd0a93e77475e204,100,2025-06-08T00:00:37.000Z,0.0002,0,0.0002,0,1526.369,0.0002,0,177.0949,0,177.0949
0xc08160c005f9ed0d231f5ecbabd038c8dd9a234b,100,2025-07-14T00:01:37.000Z,0,0,0,0,8.7517,0,0,0.0792,0,0.0792
0xd154b612be86c1dc0ecad8fd49257136beb0e37a,100,2025-07-14T00:01:37.000Z,0,0,0,0,9.0265,0,0,0.0817,0,0.0817
0xb344217545a541e12028084f1e7f8577d6e7ec1f,100,2025-07-14T00:01:37.000Z,0,0,0,0,1.825,0,0,0.0165,0,0.0165
0xfbee8ed892454fd559e67a2cffa89378f589654a,100,2025-07-14T00:01:37.000Z,0,0,0,0,0.0706,0,0,0.0007,0,0.0007
0x61ae7baec1b35a04e6aaef85f1d8b1659ad1fa6c,100,2025-07-14T00:01:37.000Z,0,0,0,0,0.43,0,0,0.0044,0,0.0044
0x680f1f3e5452243ed8224b39e287f44f42904bbf,100,2025-07-14T00:01:37.000Z,0,0,0,0,0.4619,0,0,0.0047,0,0.0047
0x525f52387a8c92cd3f37e8771f1a1439587026d5,100,2025-07-14T00:01:37.000Z,0,0,0,0,85.8226,0,0,0.9,0,0.9
0x718e62d9a75ad6d8b381da5cc37c5c7c34cb9f7b,100,2025-07-14T00:01:37.000Z,0,0,0,0,22.846,0,0,0.2339,0,0.2339
0x2e04b153ebe0f492b5081849b1737b24e5655db1,100,2025-07-14T00:01:37.000Z,0.0001,0,0.0001,0,3213.0731,0.0001,0,59.0107,0,59.0107
0xdf418bb31e80d56bec91cb160dcf1af64dab4e81,100,2025-07-14T00:01:37.000Z,0,0,0,0,50.4999,0,0,0.9275,0,0.9275
0x77fbfe78d461980ba158258f8bc0dced937727a8,100,2025-07-14T00:01:37.000Z,0,0,0,0,7.4425,0,0,0.1367,0,0.1367
0xd68193591d47740e51dfbc410da607a351b56586,100,2025-07-14T00:01:37.000Z,0,0,0,0,43.0603,0,0,0.7908,0,0.7908
0x0d82cedd589ade04af219a65c8f22f6154924982,100,2025-07-14T00:01:37.000Z,0,0,0,0,33.4619,0,0,0.6146,0,0.6146
0xd32cbeb0acbee86670b5de60ab50596b667b4f69,100,2025-07-14T00:01:37.000Z,0,0,0,0,28.6487,0,0,0.5265,0,0.5265
0xb5a6a9c6d779e7dd7815f94ae2ccfb153a21801c,100,2025-07-14T00:01:37.000Z,0.0002,0,0.0002,0,10297.3689,0.0002,0,267.8507,261.0423,6.8085
0xab07c88e2aab4bffe8bfae10043ba2bbdd82a809,100,2025-07-14T00:01:37.000Z,0,0,0,0,33.9974,0,0,0.8843,0,0.8843
0x1404ee36a48b524159412da85e7a7d2a7bcef935,100,2025-07-14T00:01:37.000Z,0,0,0,0,0.0397,0,0,0.0014,0,0.0014
0x969c6ba66e832cdbb56f9bef7d8f4ca98be6c006,100,2025-07-14T00:01:37.000Z,0,0,0,0,0.2744,0,0,0.0099,0,0.0099
0x2a7fc2c27546deaf1723dbc4e30e162941932450,100,2025-07-14T00:01:37.000Z,0,0,0,0,26.6412,0,0,0.9635,0,0.9635
0x81399aa9bb16dd069a0ca9f9519d6bcf0ebc9150,100,2025-07-14T00:01:37.000Z,0,0,0,0,0.2745,0,0,0.0099,0,0.0099
0x4008f34b31204155ac77fc97c3f458c052672531,100,2025-07-14T00:01:37.000Z,0,0,0,0,140.3336,0,0,5.0754,0,5.0754
0xb16a6a5c75df040bcbd460df835d703659ec1db8,100,2025-07-14T00:01:37.000Z,0.0002,0,0.0002,0,7422.9857,0.0002,0,268.4651,0,268.4651
0xb1998487b4cd187b4c4d1ad81a957ccbc10a0f85,100,2025-07-14T00:01:37.000Z,0,0,0,0,95.5935,0,0,3.4573,0,3.4573
0x7d66371f4dd6f65ac9060a2798742535eb0ddc74,100,2025-07-14T00:01:37.000Z,0,0,0,0,0.0427,0,0,0.0015,0,0.0015
0x5366566d9d5ef362c4b2056f1ca8ad11b5a618e4,100,2025-07-14T00:01:37.000Z,0,0,0,0,0.0387,0,0,0.0014,0,0.0014
0xdb694f187957397f931fa5404953b9de179195e7,100,2025-07-14T00:01:37.000Z,0,0,0,0,0.2669,0,0,0.0097,0,0.0097
0xee170885d4e3bfcec522b4555b2132b2d3243e67,100,2025-07-14T00:01:37.000Z,0,0,0,0,0.027,0,0,0.001,0,0.001
0x3a1e2ab09f140e4fa8ef92d236f45b3e5e958e1a,100,2025-07-14T00:01:37.000Z,0,0,0,0,0.0247,0,0,0.0009,0,0.0009
0x9f22ac105351964957b649f562c4a41268965382,100,2025-07-14T00:01:37.000Z,0,0,0,0,48.4741,0,0,1.7531,0,1.7531
0xd0ea237f5782373cf947bf74379325746eb48c80,100,2025-07-14T00:01:37.000Z,0,0,0,0,1.9438,0,0,0.0703,0,0.0703
0xb03ac47a0645ea1755c8cd22c25f1ed9e51be017,100,2025-07-14T00:01:37.000Z,0,0,0,0,263.833,0,0,9.542,0,9.542
0x30122dd4b8b693aa055b1b5bf385978acd0b3b7b,100,2025-07-14T00:01:37.000Z,0,0,0,0,0.8618,0,0,0.0624,0,0.0624
0x8266b1c6303f2fe091d56ad41df2c8fd4dd2c9c6,100,2025-07-14T00:01:37.000Z,0,0,0,0,107.8617,0,0,8.7816,3.6131,5.1685
0x79889e8cf01f940ac0773acfd019770547e54e20,100,2025-07-14T00:01:37.000Z,0,0,0,0,0.0086,0,0,0.0014,0,0.0014
0x862a146180343638f12137084ac2fd7cc7a47224,100,2025-07-14T00:01:37.000Z,0,0,0,0,0.0631,0,0,0.0103,0,0.0103
0xfe3e4266c02fe56af770c080010a927da08bbcc2,100,2025-07-14T00:01:37.000Z,0,0,0,0,19.8648,0,0,3.24,0,3.24
0x7db90e374edd104077abcbed45d7117f734777a3,100,2025-07-14T00:01:37.000Z,0,0,0,0,87.6154,0,0,14.2901,0,14.2901
0xef4d9e1f4e9e2dd9e747b53f4be3d04bfa935f2d,100,2025-07-14T00:01:37.000Z,0,0,0,0,27.6323,0,0,4.5068,0,4.5068
0x0fdc2e54cf89c312ca75cf22828d7618a278e70b,100,2025-07-14T00:01:37.000Z,0,0,0,0,0.7995,0,0,0.1304,0,0.1304
0xcf989b69aba2ede83fa11baf9bfc3a426a1326ce,100,2025-07-14T00:01:37.000Z,0.0001,0,0.0001,0,613.3192,0.0001,0,100.0323,100.0323,0
0xb10c2ba002256526d68790f97b50080734f062b4,100,2025-07-14T00:01:37.000Z,0,0,0,0,0.0417,0,0,0.0068,0,0.0068
0x52b1b9c14834416804d33af1df4d142761d1fa47,100,2025-07-14T00:01:37.000Z,0,0,0,0,0.0332,0,0,0.0054,0,0.0054
0xd1beafebb9fbe122a08d9ef4895e6b003f113591,100,2025-07-14T00:01:37.000Z,0.0006,0,0.0006,0,3958.6697,0.0006,0,645.6588,0,645.6588
0x66003b0fa59aad32cefc18f270c6a964eebd6f35,100,2025-07-14T00:01:37.000Z,0.0004,0,0.0004,0,2455.4299,0.0004,0,400.4804,0,400.4804